GEO.id2,HC01_VC03,HC01_VC36,HC01_VC43,HC01_VC52,HC01_VC62,HC01_VC70,HC01_VC76,HC01_VC85,HC01_VC101,HC01_VC106,HC01_VC119,HC01_VC130,HC01_VC140,HC01_VC146,HC01_VC160,HC01_VC171,HC01_VC186,TotalDrugReports
21001,7124,7712,8036,257,321,221,4826,12489,1457,3144,18864,19032,202,251,202,17693,3551,45.0
21003,8057,7863,8320,257,411,234,4755,13512,1439,3431,20005,20219,214,592,214,17951,3313,30.0
21005,8353,8202,8976,298,690,410,5224,14588,1566,3017,21335,21664,201,356,201,19688,5218,24.0
21007,3279,3366,3435,110,222,126,1856,5841,655,1303,8209,8274,65,110,65,7704,1668,0.0
21009,16789,16439,17817,487,836,419,10060,29028,2651,8046,42237,42691,669,787,669,38672,9857,50.0
21011,4361,4591,4818,212,476,339,2731,7965,529,2534,11697,11870,100,135,100,10771,2700,35.0
21013,11181,11080,12119,342,806,534,6089,19635,1757,8180,27970,28234,110,254,110,26114,9577,476.0
21015,43903,46151,47971,1710,2319,906,34336,79571,8632,13270,121466,123030,5514,6571,5514,106771,12947,215.0
21017,7782,7814,8335,212,474,254,4481,13761,1483,2868,19734,19972,888,940,888,17692,6011,27.0
21019,19533,19975,20607,545,1513,863,10881,35099,4506,9513,48792,49242,544,760,544,45562,8283,240.0
21021,10981,11917,12287,327,525,255,7650,19552,1956,4984,28893,29150,633,771,633,26612,7067,77.0
21023,3303,3331,3401,103,328,175,1867,5674,555,1271,8348,8459,92,99,92,7770,1244,24.0
21025,5434,5631,5709,155,507,342,2977,9460,584,4367,13559,13663,67,89,67,12698,5300,17.0
21027,7325,8011,8154,264,514,265,4524,13834,1638,3983,19850,20076,71,162,71,18444,3218,12.0
21029,28282,30004,31133,852,2040,808,18861,51310,5801,10735,75456,76093,749,1127,749,70703,22791,94.0
21031,5107,5159,5210,215,197,133,2666,8876,781,2519,12628,12797,219,253,219,11533,3523,8.0
21033,5320,4968,5492,211,405,166,2656,9017,1004,2229,12688,12880,28,72,28,12022,2706,19.0
21035,14854,15416,16840,394,812,458,12803,22927,2625,5197,37613,37981,1850,1965,1850,33999,8540,14.0
21037,35478,35974,38312,1164,1782,760,24829,60765,5905,11210,90019,91268,2083,2501,2083,81839,7388,654.0
21039,2075,1984,2148,53,102,35,1070,3553,377,744,4979,5031,41,49,41,4704,817,1.0
21041,4108,4319,4263,143,288,156,2359,7096,745,2053,10701,10871,481,487,481,9246,3468,100.0
21043,10525,10902,11467,297,655,492,6474,18496,1671,5264,27095,27439,120,166,120,25549,4756,146.0
21045,6186,6370,6618,250,541,292,3254,11056,1168,3288,15762,16002,197,235,197,14427,8058,36.0
21047,25734,29307,26723,1640,1504,870,19929,42455,6663,8663,72998,74459,2323,3784,2323,62770,14136,92.0
21049,14368,13897,14940,376,1028,582,8183,24799,2761,5874,35275,35633,506,806,506,32611,10814,156.0
21051,7652,9566,8194,302,542,398,4447,15057,881,4472,21149,21446,184,217,184,19632,3472,78.0
21053,3878,4054,4172,107,326,235,2379,6989,672,1558,10065,10192,122,136,122,9364,1586,29.0
21055,3812,3732,3741,113,319,185,1701,6468,771,1531,9136,9254,52,73,52,8288,1877,11.0
21057,2684,2654,2947,43,162,85,1481,4782,394,1141,6807,6829,27,46,27,6391,1166,14.0
21059,38000,37127,40599,1093,2145,1042,25318,65614,6946,14514,96542,97631,2110,2550,2110,87889,28171,69.0
21061,4734,5074,5068,83,158,132,2623,8511,926,3089,12046,12137,245,266,245,11076,2269,4.0
21063,2790,3724,2823,97,182,140,1415,5665,508,1492,7711,7781,13,13,13,7243,3731,34.0
21065,5706,5807,6069,158,465,313,3017,10277,804,3868,14365,14547,28,28,28,13606,4172,63.0
21067,124101,121634,128170,4003,4427,2388,91308,196497,17625,33899,300598,304473,27578,29972,27578,251388,43504,575.0
21069,5542,5565,6025,228,340,238,3375,9837,988,2980,14201,14505,31,31,31,13039,4675,8.0
21071,15438,15507,16433,401,1100,642,8060,27122,1903,11023,38637,39087,172,212,172,36300,11735,120.0
21073,21065,19464,21295,674,1105,744,11304,34200,3827,8009,48830,49509,1749,1935,1749,44312,10968,134.0
21075,2662,2668,2721,58,145,70,1307,4652,486,1256,6508,6550,27,46,27,5996,1355,11.0
21077,3024,3372,3335,135,441,218,1926,5620,843,1278,8402,8554,196,224,196,7719,1277,33.0
21079,6567,6673,7107,194,496,287,3727,11873,1182,3219,16749,16880,249,332,249,15631,5089,20.0
21081,8301,9421,9650,446,996,430,6344,15725,1658,3670,24269,24667,367,559,367,22207,5343,97.0
21083,14284,14522,15363,358,659,268,9044,25360,2511,5547,37085,37451,1257,1621,1257,32662,6572,51.0
21085,9839,10239,10503,191,577,345,6207,17504,1746,5367,25752,25934,102,169,102,23914,5705,34.0
21087,4474,4439,4751,82,51,19,2318,7888,753,2578,11083,11186,110,147,110,10225,3187,2.0
21089,14230,14323,15626,345,1616,977,8098,25858,2493,7136,36365,36656,300,388,300,34173,5603,63.0
21091,3367,3439,3390,87,209,109,2074,5770,799,1544,8558,8654,74,92,74,7919,1770,1.0
21093,39955,41878,42734,1610,2679,1043,29152,69128,14547,15981,105916,107565,4863,8776,4863,92592,18957,103.0
21095,11251,11211,12054,204,1061,773,6220,19715,1805,8629,28504,28744,205,225,205,26385,9021,265.0
21097,7257,7241,7804,143,537,392,4357,12793,1347,3389,18418,18643,299,372,299,17027,3156,103.0
21099,7135,7214,7454,368,441,220,4241,12336,1111,3751,18143,18427,176,261,176,16001,4011,11.0
21101,18875,17798,19489,569,1327,753,10999,31853,3027,8331,45927,46394,574,771,574,42185,7001,13.0
21103,5984,5965,6412,221,516,289,3580,10526,890,2551,15197,15427,223,267,223,14070,5301,25.0
21105,1992,1850,2123,98,188,101,1088,3456,370,873,4712,4790,35,47,35,4503,1176,2.0
21107,18533,18063,19598,495,1153,626,10287,32310,3282,7844,46233,46684,455,591,455,42735,13755,59.0
21109,5670,5301,5570,120,477,400,2959,9264,741,4223,13271,13370,53,65,53,12498,6829,43.0
21111,306511,289021,318655,9962,14208,7257,189848,511378,51813,109088,742190,751485,50345,55683,50345,643320,105553,1910.0
21113,18120,18904,20396,730,758,323,13494,31948,3328,7448,48988,49601,1632,2047,1632,44261,12759,261.0
21115,9134,9194,9761,239,590,424,5283,16190,1548,6611,23204,23390,114,284,114,21735,7375,74.0
21117,61962,62659,65702,2653,3828,1954,41583,107983,11358,22468,159746,161915,3913,4716,3913,144132,13883,695.0
21119,5776,6530,6743,205,589,360,3663,11035,689,4449,15937,16139,57,112,57,14957,4381,26.0
21121,12524,12307,13264,427,704,445,7647,21187,1591,6180,31344,31857,269,284,269,29528,5806,140.0
21123,5294,5730,5862,180,296,209,3340,9800,1299,2580,14002,14149,281,448,281,13015,3863,2.0
21125,23184,23096,24549,959,1539,797,13686,40485,3910,10712,58691,59535,700,923,700,54802,10572,258.0
21127,5940,6245,6529,109,314,201,3450,10863,789,3918,15728,15850,206,234,206,14576,4206,16.0
21129,2957,3592,2900,49,187,135,1540,5613,407,2324,7632,7681,79,79,79,7259,4116,22.0
21131,4212,4337,4747,62,204,124,2412,7766,441,3272,11029,11128,24,24,24,10414,4257,26.0
21133,9391,9531,10032,223,871,640,4986,16904,1306,6700,23738,23965,76,135,76,22207,7131,43.0
21135,5222,5580,5625,120,264,120,3224,9501,878,3170,13744,13848,28,54,28,12674,5487,34.0
21137,9693,9441,10207,333,750,290,5560,16775,1477,5083,24234,24546,84,158,84,22615,11044,26.0
21139,3708,3854,3969,49,236,171,1977,6817,543,2058,9356,9443,57,84,57,8723,1737,8.0
21141,10862,10483,11000,244,456,301,6268,18216,1778,4301,26552,26844,195,323,195,24388,4774,30.0
21143,3263,4111,3313,27,75,18,1278,6672,919,1677,8391,8415,93,118,93,7899,1989,24.0
21145,27409,25413,28158,752,1364,737,15017,46102,5599,10826,64889,65545,1524,1758,1524,59581,8664,87.0
21147,6210,8092,6659,44,566,456,4100,12667,1078,4736,18036,18073,141,228,141,16391,7056,83.0
21149,3744,3724,3928,133,270,126,2221,6576,770,1686,9418,9510,86,128,86,8769,3154,2.0
21151,31752,34000,36427,1117,1536,938,27771,52281,5848,13248,84459,85485,1702,2246,1702,77756,18727,393.0
21153,4928,5212,5337,201,379,245,3058,8910,351,3509,12906,13076,70,70,70,12303,5427,15.0
21155,7385,8239,7687,280,403,217,4768,13603,1266,2813,19714,19965,228,255,228,18193,4589,32.0
21157,12426,12649,13291,338,502,188,6336,22582,2605,4618,30924,31223,344,567,344,29250,5495,19.0
21159,4381,5906,4625,140,487,412,2497,8997,578,3526,12669,12750,108,240,108,11705,3675,11.0
21161,6636,6633,7331,192,232,141,3877,11792,1112,2809,17246,17398,72,161,72,15640,4449,78.0
21163,10557,11461,11424,418,846,402,7763,19042,3641,4441,28794,29203,492,1283,492,26449,5255,26.0
21165,2404,2646,2536,52,297,182,1406,4371,404,1482,6286,6337,68,68,68,5828,1533,1.0
21167,8770,8369,8962,298,512,197,5089,14893,1491,4109,21013,21311,393,636,393,19556,5403,63.0
21169,3918,3982,4101,193,278,168,2142,6939,576,2281,9850,10025,84,121,84,9297,2032,4.0
21171,4436,4383,4442,87,202,181,2457,7486,696,2488,10731,10837,213,263,213,9849,2591,0.0
21173,10288,10335,11220,492,702,305,6360,18183,1696,5157,26512,26983,265,322,265,24769,7649,243.0
21175,4841,6342,4937,186,364,188,2607,9802,600,2744,13352,13522,205,232,205,12530,5729,6.0
21177,11619,12939,12871,355,983,526,6871,21835,2195,6077,31145,31391,244,339,244,29244,9859,68.0
21179,16660,16911,18090,763,733,439,10872,29371,3136,7218,43659,44254,643,812,643,39967,9756,67.0
21181,2861,2817,2899,53,174,87,1512,4899,448,1113,6968,7064,33,42,33,6541,2428,22.0
21183,8573,9316,9688,406,763,429,5405,16154,1610,5045,23546,23956,407,465,407,21923,8506,11.0
21185,19610,25612,22774,543,932,331,18351,40803,4275,4618,61223,61711,1979,2613,1979,55873,14377,38.0
21187,4355,4199,4459,194,191,25,2387,7351,643,1980,10552,10740,48,116,48,10094,4174,24.0
21189,1740,1871,2034,44,191,132,997,3357,312,1569,4640,4686,11,44,11,4462,2700,3.0
21191,5349,5904,5959,104,326,200,3428,9904,900,2440,14528,14642,17,35,17,13642,1828,50.0
21193,11005,11180,11966,347,1010,603,6062,19703,1498,7274,27862,28261,170,170,170,26195,8281,155.0
21195,26312,25720,27253,797,2059,1068,14251,44860,2935,19250,63678,64380,491,680,491,59786,12963,187.0
21197,4628,4933,5064,211,433,309,2912,8382,615,3152,12305,12552,81,110,81,11593,4300,132.0
21199,26052,25001,26641,854,1656,1198,14233,44246,4581,13106,62914,63505,957,1247,957,58484,27525,109.0
21201,911,875,955,36,89,30,459,1544,143,409,2196,2239,0,0,0,2012,286,2.0
21203,6634,6797,7026,161,432,308,3945,11777,1166,3851,16810,16965,26,51,26,15939,6590,139.0
21205,8407,9386,10241,323,375,186,8176,13604,1194,3761,23137,23485,250,291,250,21637,7810,164.0
21207,7223,7050,7364,158,413,280,3582,12351,1035,3752,17450,17646,339,383,339,16261,4941,7.0
21209,18306,18625,19601,570,736,429,13634,31653,3388,6252,48593,49167,1590,1758,1590,43424,11469,127.0
21211,15665,16468,18193,709,876,386,10822,29316,3428,5137,43060,43581,2945,3202,2945,36914,10959,62.0
21213,6660,6716,7210,237,467,219,4036,11822,1003,2503,17377,17551,319,388,319,15885,2866,19.0
21215,6301,6923,6969,288,448,288,4455,11763,1314,2445,17229,17419,193,273,193,16041,4669,9.0
21217,9491,9801,10684,328,794,451,6421,16320,1291,4395,24713,25059,342,385,342,22777,6582,40.0
21219,4567,4731,4876,224,224,76,2945,8002,871,2035,12306,12499,271,329,271,10434,2071,2.0
21221,6055,5697,5946,166,411,187,3256,10198,1565,2367,14132,14277,184,296,184,12504,3449,8.0
21223,3578,3501,3540,117,95,50,2066,5976,647,1597,8739,8816,85,205,85,7932,2747,20.0
21225,5620,6476,6021,146,326,223,3747,9668,1198,3005,15034,15192,147,251,147,13904,3372,7.0
21227,44923,45857,49180,1505,1995,874,36750,71392,7067,16595,115621,117169,9741,10714,9741,98144,13321,35.0
21229,4514,4657,4949,188,281,123,3143,7938,703,2016,11675,11871,309,402,309,10860,2985,1.0
21231,8004,8409,8583,281,629,375,4394,14551,1063,5223,20561,20728,226,267,226,19076,5948,47.0
21233,5057,5414,5477,151,587,432,2876,9202,1114,2715,13281,13454,351,391,351,11905,3169,13.0
21235,12931,13791,14743,454,1268,835,9019,22940,2362,7489,35102,35557,201,272,201,32875,7609,153.0
21237,2826,2827,3001,99,210,121,1572,5035,382,2127,7121,7273,0,12,0,6814,3665,5.0
21239,9716,9688,10691,323,460,305,6194,17424,1955,3413,24809,25151,1218,1359,1218,21771,4473,30.0
39001,10734,11000,11449,298,606,406,6341,19080,2032,5685,28111,28342,94,124,94,25872,7077,164.0
39003,40191,42673,42260,1347,2020,814,28660,69276,7782,15317,104310,105562,1483,2166,1483,96209,8661,310.0
39005,20339,20900,22199,702,1142,511,13975,35059,3977,7168,52602,53202,1409,1542,1409,46835,7249,190.0
39007,38933,40636,40789,1174,2344,1079,23438,69248,8934,14551,99378,100346,1318,2605,1318,88996,13324,391.0
39009,22208,28145,28338,545,958,457,28458,34239,3598,9038,64343,64840,2639,3085,2639,58930,8672,282.0
39011,18115,17964,18606,518,658,275,11213,30989,3212,5359,45343,45867,519,695,519,41870,4588,36.0
39013,28007,29880,29045,544,1196,514,14023,50738,6121,10988,69382,69793,688,896,688,64970,4764,223.0
39015,16587,17482,18274,612,1419,659,10208,30276,3408,7478,44043,44464,233,301,233,41203,9522,112.0
39017,134934,142884,152351,5227,8183,3983,106127,235744,24477,41717,366322,371154,18919,21424,18919,323438,38638,1055.0
39019,10922,11651,11813,339,575,268,6482,20213,2535,3895,28276,28539,266,405,266,26312,4933,14.0
39021,15163,15745,16090,496,1150,409,9744,26716,3300,5637,39192,39628,378,553,378,36469,4612,85.0
39023,54969,53051,58092,1650,3074,1545,33975,93107,13195,21976,135842,137303,3146,3966,3146,123740,16379,49.0
39025,74187,77311,80872,2265,4229,1733,49656,133734,14368,24720,197290,199450,4907,5894,4907,180286,51194,452.0
39027,16052,16162,17290,553,908,488,10815,27598,3447,5690,41362,41871,357,618,357,38827,5393,168.0
39029,42184,44168,43969,1378,2480,1189,23013,75788,9566,16966,105438,106622,1263,1592,1263,98510,16168,320.0
39031,14561,14540,15087,465,708,368,7917,25219,3076,5153,36388,36768,165,370,165,32211,3747,36.0
39033,17625,16759,18357,467,732,351,9738,29905,3574,6673,42604,43036,282,469,282,40084,5055,238.0
39035,534721,487053,552676,14595,23910,10364,324356,873529,81921,178835,1254249,1267513,89602,109366,89602,1058924,38117,3529.0
39037,20929,20398,21499,659,799,471,12384,35624,3703,6951,52021,52537,416,586,416,48503,7353,138.0
39039,15332,15276,15845,466,720,325,9850,25945,3116,5072,38351,38795,765,947,765,34499,3261,192.0
39041,65029,67649,71069,2225,2637,660,53598,117784,10069,13184,179714,181821,11164,12688,11164,156548,14713,293.0
39043,31998,30668,32500,854,1375,624,17631,54077,7018,10936,75648,76416,1461,1836,1461,69894,3679,404.0
39045,54581,57947,59669,1804,3095,1294,39985,98411,11420,18840,146403,148067,4164,4883,4164,133962,13762,311.0
39047,11532,11198,11928,340,769,387,6799,19658,2173,4646,28496,28875,370,442,370,26252,4257,154.0
39049,474683,460616,496559,0,22266,9786,333461,779959,68231,138097,1181273,1197592,114402,124803,114402,975784,68980,2770.0
39051,16333,16451,17498,630,722,402,11090,28541,2611,5100,42109,42541,642,810,642,38440,2649,36.0
39053,11502,11886,12784,327,826,435,7493,20705,2189,5773,30380,30763,312,380,312,28142,3570,187.0
39055,34753,36540,38580,1060,1106,288,23397,63369,6264,9016,92911,93819,2792,3245,2792,78979,5618,116.0
39057,63549,65465,69499,2100,2786,1294,50201,106825,17228,19138,161638,163313,7603,9932,7603,144557,25332,359.0
39059,15564,15766,16614,373,882,476,8842,27413,3115,6615,39307,39794,336,512,336,36461,3934,266.0
39061,329062,306755,340219,10861,14170,7526,214884,534152,50048,98909,793117,803272,40195,45104,40195,697389,47037,4384.0
39063,30795,29382,31568,1036,774,394,19488,50472,5154,8461,74432,75290,1936,2192,1936,67529,10546,260.0
39065,11438,12516,13159,680,575,290,9607,19342,2244,4622,31392,31826,423,610,423,28582,4465,107.0
39067,6333,6392,6542,244,309,225,3114,11256,1604,2345,15507,15698,60,104,60,14510,1068,7.0
39069,11075,11040,11394,484,486,244,7154,19028,2215,3626,27607,28074,452,584,452,25364,2585,9.0
39071,16837,16783,17682,605,1010,586,10358,29158,3364,7679,42820,43266,300,450,300,39507,7432,199.0
39073,11426,11713,11797,312,710,419,7148,20043,2621,4647,28857,29111,291,406,291,27090,3895,51.0
39075,12516,15473,15571,633,657,295,9371,24360,1641,3648,42534,43176,397,632,397,20092,4470,11.0
39077,22507,22891,23925,611,1295,542,14824,39416,4250,7960,58601,59186,1738,1977,1738,51895,5566,239.0
39079,13204,12701,13724,562,899,470,7629,22296,2765,6660,32419,32952,157,246,157,29677,4492,203.0
39081,28176,27576,30015,694,1422,909,15922,48418,6183,12057,67987,68510,827,1170,827,63542,3922,132.0
39083,22642,23743,25385,797,994,301,15502,39413,4351,8255,60402,61063,939,1137,939,53555,5891,37.0
39085,94089,91393,97930,2372,3342,1039,54474,162635,17310,25735,227264,229602,12365,13565,12365,201693,10766,931.0
39087,23622,24344,26041,652,1912,887,14505,42755,5285,12931,61372,62100,235,388,235,57835,7617,163.0
39089,64146,65003,69500,2012,3293,1518,44647,112396,14733,22528,166128,167911,3182,4104,3182,152649,17350,250.0
39091,18471,17737,18651,641,838,420,10439,30874,3322,6769,45009,45564,572,717,572,40891,7447,97.0
39093,117134,119196,125675,3162,6475,2772,79615,205720,22525,41857,299594,302465,8613,14933,8613,262828,20079,76.0
39095,178121,168822,183919,5564,8012,3728,119530,288897,28613,64585,432954,438167,15471,17387,15471,384687,19712,506.0
39097,14676,19866,15819,486,757,353,10271,30178,3396,5370,42854,43326,733,956,733,39572,7032,249.0
39099,97624,93922,101882,2391,4235,2043,57624,165979,19343,36321,233529,235809,7216,10098,7216,209128,16232,798.0
39101,24586,29238,25261,862,1535,942,14555,46232,5359,10834,65344,66171,761,1044,761,60021,8149,286.0
39103,65950,68216,71377,1967,2687,869,45038,119108,12753,16635,172496,174091,4976,5899,4976,155966,9150,281.0
39105,9486,9425,9820,261,513,239,4952,16522,1830,4773,23338,23564,69,129,69,22091,2913,22.0
39107,15923,15999,16166,630,479,264,9731,27077,2808,4505,40203,40789,326,477,326,37247,4162,91.0
39109,41169,40519,42675,836,1405,693,25316,71033,8397,13089,102300,103145,1776,2374,1776,94222,11603,203.0
39111,6056,5992,6018,152,193,86,2820,10456,1369,2569,14436,14590,20,40,20,13356,1366,65.0
39113,222673,205843,228589,6786,10700,5575,146434,362289,44306,80508,528477,534801,20612,25716,20612,474144,41646,3057.0
39115,6056,5994,6228,188,279,136,3256,10451,1317,2733,14846,14977,70,140,70,13920,1539,2.0
39117,12640,13803,14031,437,1183,609,8601,23477,2610,4810,34642,34991,199,290,199,31626,4181,76.0
39119,34160,33204,36238,900,1533,628,21507,57790,6258,13511,85096,85947,876,1106,876,79149,9609,141.0
39121,4916,7392,5381,141,401,118,2232,11291,1372,2277,14461,14561,101,175,101,13463,1378,19.0
39123,17366,17087,17505,350,460,278,8737,30387,3639,6391,40918,41304,422,562,422,38067,2695,50.0
39125,7798,7606,7838,280,416,219,4627,13125,1539,3071,19064,19293,220,293,220,17415,2063,14.0
39127,13637,14279,14454,488,742,280,8777,23934,2790,5892,35536,36000,133,232,133,33331,3827,62.0
39129,19435,24315,21564,719,1496,771,13730,38376,4267,7982,55648,56279,282,659,282,52414,10029,243.0
39131,10944,11242,11579,310,1018,402,6518,19203,2080,6337,28156,28504,144,227,144,25832,3410,62.0
39133,61042,65740,69880,1583,2642,1310,48325,102981,11954,19049,160023,161553,5230,6097,5230,147462,8888,367.0
39135,16151,16489,17321,353,865,337,10120,28756,3445,6705,41621,41887,536,706,536,38736,5492,31.0
39137,13006,13340,13555,437,440,236,8884,22645,2024,3323,33894,34256,301,376,301,30917,3469,0.0
39139,48211,50871,49611,1462,2259,1174,28503,85359,10558,16302,121513,122813,1715,2231,1715,112013,11130,294.0
39141,28209,33610,29837,779,1896,969,18310,54217,6783,12606,76771,77552,661,1019,661,70994,9317,293.0
39143,23831,23746,24958,666,1296,706,15055,41372,4579,8444,59837,60498,913,1091,913,53924,4655,122.0
39145,29558,31401,32683,940,2643,1807,19506,53474,6137,16229,77905,78520,789,1005,789,72733,9999,312.0
39147,21539,22535,22988,556,770,437,14889,37092,4318,7604,55607,56100,700,892,700,51525,4613,162.0
39149,18616,18809,19530,669,841,445,12741,32237,3350,5648,48581,49165,812,980,812,44638,5327,142.0
39151,149756,146768,160024,4524,6741,2939,96427,257905,30626,49567,370776,375090,7381,9096,7381,341251,29806,664.0
39153,220710,212210,231363,6313,9247,4005,139190,372056,39016,67132,535665,541464,24346,27830,24346,480816,39358,444.0
39155,86565,82367,88915,1982,4065,1804,45671,146281,17950,29984,205563,207596,3215,4014,3215,186200,41186,554.0
39157,36366,36518,38439,1035,1553,563,21565,63870,7593,12037,91533,92616,1190,1628,1190,82432,8176,65.0
39159,18291,19371,22186,650,853,363,13858,35074,3505,5602,52550,53090,1578,1851,1578,47662,6821,38.0
39161,11388,11177,11878,320,524,238,6965,19587,2186,4011,28290,28612,242,316,242,26363,2894,66.0
39163,5137,5359,5382,283,422,234,3259,9058,913,2459,13115,13319,31,39,31,12333,1601,25.0
39165,77328,84730,84938,2653,3546,1514,59867,144351,14490,19528,215190,217623,12213,13529,12213,188707,23794,365.0
39167,24923,24930,26456,667,1306,461,13692,43394,5372,11367,60875,61473,810,1124,810,57194,7206,127.0
39169,42593,44511,46694,1486,2121,912,28881,74748,7440,13190,113604,114978,2189,2606,2189,95808,12255,223.0
39171,15001,14960,15380,547,833,361,9084,25896,2980,5025,36995,37493,667,827,667,34179,2919,5.0
39173,49561,51391,54710,1645,1716,702,41938,78913,8158,12520,126784,128139,4200,4965,4200,114646,7150,225.0
39175,9327,8857,9252,271,463,225,5335,15537,1660,2973,22293,22535,288,321,288,20393,2658,73.0
42001,37956,41031,42918,1007,2212,904,24311,69921,8372,13429,100717,101566,4004,4966,4004,90221,10292,50.0
42003,527445,491168,543210,13906,16839,6991,294258,871951,87809,158019,1216651,1229172,64044,72162,64044,1082489,47217,4639.0
42005,28616,28271,29025,572,1080,401,13357,49791,6003,12611,67796,68343,351,479,351,63875,4643,177.0
42007,70336,67992,74390,1635,3140,1262,36634,122580,15100,25376,168765,170124,2999,3869,2999,156337,6883,181.0
42009,20145,20331,20549,482,840,439,9754,35370,4195,8439,48953,49332,327,493,327,45316,5418,30.0
42011,153857,162618,171706,5209,8084,3100,106133,275438,29256,53661,408413,413016,28673,44158,28673,322101,20369,518.0
42013,50948,50514,54421,1286,2526,1232,26951,88648,12322,20038,125485,126708,1540,1929,1540,116079,8713,399.0
42015,24338,25000,26061,758,1281,586,12925,43914,5896,8929,61826,62510,916,1228,916,56994,4761,88.0
42017,231959,249825,264751,6498,11732,2927,152149,439152,39214,64031,620412,626205,50263,57071,50263,529337,34240,2210.0
42019,74138,74855,77962,1739,2049,972,46165,128305,14959,21163,183424,185034,3489,4276,3489,170719,10044,190.0
42021,57959,58043,60288,1383,2022,943,31743,100239,12679,24051,139562,140835,1673,2280,1673,129562,6812,447.0
42023,2214,2099,2147,38,109,72,838,3731,571,892,4899,4939,70,80,70,4651,647,0.0
42025,25764,26640,27524,527,1476,562,13440,47302,5977,11112,64382,64874,1872,2413,1872,58922,3539,95.0
42027,57283,71192,64969,1469,1307,468,60473,88514,9157,14658,154889,156240,11524,13028,11524,134771,8755,60.0
42029,185306,197926,208558,6087,7565,2155,135576,338850,29963,39403,500777,506422,45765,51378,45765,419001,23257,468.0
42031,15846,16110,17200,438,511,194,10294,25826,3037,6225,39060,39437,456,595,456,35998,2844,39.0
42033,31863,35835,32947,778,1317,748,15742,59268,7468,12349,80835,81472,2162,2703,2162,74308,13635,37.0
42035,14947,15899,17027,400,635,324,10848,25099,3341,5604,39264,39611,516,728,516,35383,3156,69.0
42037,26413,27110,30010,704,981,363,18735,43801,4803,7325,66503,67089,1572,1991,1572,61781,3858,123.0
42039,34713,34832,37345,1134,1137,469,19902,60100,7633,14037,86874,87801,1025,1378,1025,77635,5653,60.0
42041,95835,97407,101712,2544,3199,1233,58914,165519,20801,25544,237017,239420,13118,16005,13118,208640,16378,53.0
42043,109027,104911,114609,3511,5468,2225,63931,185654,19941,34494,266917,269946,17499,23389,17499,225667,12484,812.0
42045,204571,216006,240400,7301,12866,4936,154488,374231,32677,62837,554209,560775,53704,58974,53704,465003,18057,1453.0
42047,13375,13157,13344,248,482,189,6268,23203,2808,4623,31337,31584,275,370,275,29508,2131,27.0
42049,109700,111668,117418,3023,5146,1841,71984,186224,21359,41017,277159,280132,11847,14637,11847,246295,13543,322.0
42051,53987,55642,57983,1364,2767,1113,26545,98003,11551,24281,134117,135376,1283,2049,1283,125605,8978,360.0
42053,2075,5105,2068,13,95,61,918,6165,822,1244,7632,7649,161,238,161,6980,222,6.0
42055,58298,59289,62885,1740,2259,811,32972,103988,12625,17724,149754,151517,5248,7071,5248,131550,17732,161.0
42057,5981,6065,6016,171,282,138,3117,10413,1283,2223,14616,14747,119,174,119,13703,1679,2.0
42059,14383,16754,15435,454,812,347,7963,27047,3399,6464,37808,38171,175,344,175,35022,2367,52.0
42061,17231,20568,18116,586,781,385,9370,32658,3932,6607,45506,45950,562,796,562,42124,3574,44.0
42063,34398,37251,37581,1022,1121,491,24413,56409,6603,11792,87425,88301,1563,1903,1563,79299,4410,52.0
42065,18583,18217,18836,543,661,261,9212,31649,3753,7014,44419,44935,290,442,290,40881,3781,44.0
42067,9329,9897,10147,313,467,319,5019,17195,1650,3529,24507,24793,452,610,452,21388,2559,39.0
42069,85335,85095,93563,1794,3317,1040,51485,149598,17302,31674,212259,214023,10892,13880,10892,184616,9223,380.0
42071,194503,202991,217198,7584,9258,3184,127322,347425,33000,57894,519763,526839,24049,38660,24049,414705,42233,459.0
42073,36616,35704,38936,754,1853,745,19326,63720,7337,13005,89096,89859,1253,1476,1253,81608,3968,172.0
42075,51793,52815,56522,1718,2297,942,30660,92605,11095,15816,133475,135184,4873,10491,4873,113351,11502,358.0
42077,133684,137766,149420,4420,7505,2502,86632,240713,22671,48347,350648,354537,35965,52574,35965,258859,13880,206.0
42079,129335,131118,137622,3632,6231,2396,71795,226766,26777,48572,317162,320392,16920,20002,16920,276313,13420,1148.0
42081,46008,47059,49708,1439,1767,754,26777,80224,10048,16915,115501,116676,1655,2319,1655,106407,9420,256.0
42083,17340,18325,17537,589,849,435,9934,30264,4177,7170,42587,43024,636,919,636,39616,3053,36.0
42085,46128,47127,49352,1171,1948,845,26608,80261,10351,18093,114814,115739,1620,2344,1620,104471,6122,121.0
42087,18822,18372,19497,518,923,434,9128,32633,4092,8011,46231,46705,349,484,349,40094,5284,33.0
42089,57661,68095,70703,1909,4684,2029,45184,112394,12549,22962,166878,168342,17681,20587,17681,136803,5179,244.0
42091,307953,317018,343700,8579,12769,3487,205170,564218,48393,74958,800821,809372,81168,89433,81168,664123,33582,35.0
42093,7380,7283,8071,194,223,49,3812,13320,1544,2411,18274,18475,547,934,547,16338,1146,21.0
42095,112790,120003,127571,3038,6402,2164,75521,205714,21568,37301,296371,299225,20386,28760,20386,248472,20215,171.0
42097,39170,39610,39223,1010,1525,618,17995,68143,9236,14347,93389,94294,1171,2113,1171,85576,6934,129.0
42099,18077,18605,18815,535,873,456,9637,31824,3887,5737,45325,45788,572,894,572,41263,4272,82.0
42101,580297,583512,674454,22706,43688,16743,416404,1009812,69602,239492,1525681,1546920,193155,248053,193155,1125246,34914,4809.0
42103,21183,23500,23952,631,1310,305,13507,40343,5058,8766,56408,56883,4637,5452,4637,48473,1949,50.0
42105,6848,7125,7210,227,353,164,3602,12363,1637,3085,17284,17451,193,277,193,16069,2045,19.0
42107,59122,62581,60806,1551,2623,1075,29472,107318,13779,24654,145746,147146,2852,3819,2852,133468,6696,324.0
42109,14414,15992,16675,492,699,301,9736,26323,2681,4805,39477,39922,503,782,503,34141,3738,17.0
42111,29748,33852,31396,754,1066,427,14415,56768,6577,11834,76361,77011,560,976,560,70639,5238,104.0
42113,2476,2957,2783,47,194,74,976,4938,784,1277,6345,6400,111,139,111,6016,450,4.0
42115,17265,17926,17797,386,742,327,8557,30866,3970,7205,42365,42708,646,866,646,39613,2528,63.0
42117,16802,17374,17921,561,766,318,9720,29183,3981,6629,41959,42358,450,659,450,39140,6947,12.0
42119,15058,21232,16999,482,387,96,11723,30539,3331,5066,44624,44955,1780,2378,1780,38772,3905,9.0
42121,22412,21969,23108,493,998,453,11173,38947,5195,9031,53818,54265,432,645,432,50293,3883,54.0
42123,17029,17135,17377,388,630,225,8127,29998,4021,7060,40837,41218,554,738,554,37915,2655,28.0
42125,83644,84054,90021,2190,3076,1261,47510,147634,17475,29945,206015,208157,3946,5204,3946,191063,9294,480.0
42127,19362,23566,20884,377,1142,388,9977,38696,4939,8494,51667,51967,1874,2338,1874,46821,4362,52.0
42129,151489,147909,158234,2886,4951,2224,77682,264360,32024,51875,359641,362587,5250,6642,5250,335368,18093,678.0
42131,10895,11728,11693,265,563,227,6076,19721,2337,4165,28009,28229,442,549,442,26122,2076,79.0
42133,168278,173842,181830,4760,8637,3101,104031,300951,34007,54362,433572,438052,15444,24248,15444,384382,35197,964.0
51001,14289,13066,14249,255,752,338,6210,23796,3174,3959,32924,33165,2193,2409,2193,27912,14689,47.0
51003,38537,39714,44304,1207,1458,573,30930,67953,6583,9706,100757,101883,10147,11753,10147,85176,16264,42.0
51005,6714,6577,6998,257,410,230,3181,11836,1318,2977,15972,16133,252,343,252,14977,3807,64.0
51007,4761,5156,5410,232,378,168,2493,9086,1035,1828,12606,12764,119,165,119,11666,1982,6.0
51009,12577,12609,14291,347,613,252,7430,22365,2443,4609,31985,32237,531,676,531,29496,4500,35.0
51011,5964,5882,6541,181,434,217,3363,10815,1346,2714,14972,15137,132,240,132,14083,4712,17.0
51013,96264,93965,94698,3486,1930,532,46258,165544,12692,11266,217185,220173,50349,55748,50349,147395,8377,136.0
51015,28124,31129,30397,820,1859,760,14871,53094,6279,9193,72949,73707,1262,1754,1262,68317,16022,87.0
51017,2225,1874,2032,74,43,26,719,3620,480,719,4557,4644,224,234,224,4303,1153,5.0
51019,30122,30774,31957,964,1761,607,17764,54142,6999,10079,74936,75607,1506,2121,1506,69638,13809,126.0
51021,2591,3278,2559,92,56,19,1196,5166,668,1186,6640,6727,83,93,83,6426,1334,6.0
51023,12867,13478,13998,247,688,333,7571,23818,2902,4457,32884,33105,772,962,772,30961,7228,96.0
51025,5865,7574,6868,136,826,470,3705,12105,1016,2676,16851,16961,220,287,220,15723,1522,18.0
51027,9406,10228,10063,300,564,225,4538,17639,970,6115,23415,23683,367,421,367,22196,7133,117.0
51029,5802,8099,6284,127,303,110,3454,12381,1158,2547,16941,17072,306,401,306,15559,2400,13.0
51031,21728,21908,23701,427,1263,551,13101,38285,4741,7968,54371,54833,1262,1679,1262,50670,13595,55.0
51033,10728,11488,11897,317,931,494,6135,19796,2953,4010,28752,29057,823,1156,823,25786,2995,48.0
51035,12508,12370,12730,296,482,195,6015,21917,2178,5781,29655,29881,561,698,561,27668,5545,52.0
51036,2832,3005,3156,61,154,47,1300,5431,690,1131,7101,7154,77,124,77,6734,557,2.0
51037,4691,4994,5159,85,226,115,2741,8599,999,2549,12248,12399,181,203,181,11388,2711,11.0
51041,115005,122402,135822,3792,6994,2823,91961,213589,26715,30803,320801,324337,25883,31035,25883,271247,28525,601.0
51043,5619,5677,6126,141,527,131,3243,10136,1495,1520,14170,14273,639,803,639,12476,1893,33.0
51045,2151,1962,2142,46,149,3,1246,3791,568,1039,5163,5206,20,58,20,4845,1151,7.0
51047,16436,18952,18705,521,1420,407,11762,31866,3812,5027,47383,47910,3111,3921,3111,41025,4115,157.0
51049,4038,3995,4169,135,302,162,2303,6819,862,1686,9761,9916,33,104,33,9245,1653,12.0
51051,6200,6576,6374,196,387,279,3072,11222,932,4216,15463,15612,131,131,131,14579,4613,82.0
51053,9956,11308,11829,295,776,242,6212,19544,2566,4771,27800,27993,621,951,621,25701,3416,21.0
51057,4288,4415,4881,41,291,105,2300,7726,903,1630,11148,11166,262,380,262,10304,758,10.0
51059,391794,437987,455040,15470,22383,5000,304901,759095,82116,70534,1102884,1117072,333097,361025,333097,651626,53965,514.0
51061,23162,26063,27389,659,2116,568,17726,45368,6475,7252,66084,66726,3956,4942,3956,57925,5806,132.0
51063,6086,6360,6412,100,257,40,2856,11258,1437,2122,15306,15452,362,452,362,14131,2464,16.0
51065,9787,9407,11778,339,583,165,6001,18492,2213,3140,25635,25945,680,1118,680,23619,2600,18.0
51067,23248,23131,23943,862,1349,568,12207,40264,4483,8601,55637,56360,1340,1629,1340,51751,9637,157.0
51069,29184,31695,32648,1122,1715,714,19935,54620,7416,9113,79266,80377,4657,5611,4657,69549,12488,234.0
51071,7253,6833,7320,318,578,329,3399,12110,1382,3478,16742,17025,308,413,308,15261,5435,99.0
51073,14074,15001,15709,458,1101,252,8873,26136,4545,4907,36477,36938,735,1756,735,33936,4418,28.0
51075,8212,8965,9229,218,428,257,4502,16160,1717,2020,21500,21627,648,791,648,19796,1880,11.0
51077,6686,6241,6791,146,269,163,2671,11413,1137,3027,15139,15255,130,193,130,14148,3327,18.0
51079,6965,7261,7545,99,596,132,4160,12878,1794,2320,18651,18766,835,1078,835,16444,3679,8.0
51081,3397,6507,3735,53,226,88,2074,8817,963,1560,11840,11911,162,289,162,10904,1075,8.0
51083,14472,13833,15615,375,840,329,7797,25414,2691,6091,35309,35704,390,572,390,33032,8132,58.0
51085,37041,39506,42071,999,1598,595,27168,67945,7397,9941,99890,100689,3599,4518,3599,91607,13124,221.0
51087,123821,116731,136088,4438,6502,1927,81603,214132,21527,31932,311335,314878,37394,40454,37382,251822,20727,584.0
51089,22472,20922,23249,673,1155,497,11212,38348,4116,9828,52450,52960,1651,1768,1651,47447,12699,52.0
51091,1067,992,1024,34,73,28,317,1806,268,389,2221,2258,13,21,13,2171,382,2.0
51093,13519,14239,15143,271,785,323,8480,25178,4044,4309,35132,35518,838,1240,838,32613,4857,16.0
51095,27665,27883,29999,766,1445,496,16957,50110,8883,6763,68935,69832,4826,6326,4826,61402,6645,23.0
51097,2832,2971,2975,115,112,30,1260,5312,723,723,7011,7073,190,265,190,6472,827,2.0
51099,8315,9625,9565,476,665,266,6430,15879,3048,2736,24104,24577,516,1031,516,21853,1789,30.0
51101,6147,6207,6590,231,530,316,3932,11083,1152,1720,15875,16045,304,445,304,14639,1821,5.0
51103,5283,4518,5277,110,288,63,1757,8858,1372,1806,11097,11224,224,275,224,10401,989,5.0
51105,9597,11287,10115,330,801,475,5183,18570,1858,6707,25071,25380,296,380,296,23341,6912,104.0
51107,110047,123706,128671,5888,6587,1453,103312,215348,20631,17531,333842,338916,78267,86047,78267,217142,17947,175.0
51109,12811,13591,14173,275,1037,450,6836,24165,3000,4797,33392,33743,1069,1328,1069,30420,4691,45.0
51111,4634,5698,4938,150,383,145,2708,9221,1185,2121,12580,12667,417,476,417,11462,2243,24.0
51113,5093,5259,5626,104,188,69,2878,9347,1111,1546,13054,13208,251,280,251,12322,1804,18.0
51115,3792,3657,4125,93,51,29,1602,6873,1043,1160,8787,8923,192,291,192,8351,941,26.0
51117,12857,12955,13932,283,855,453,6185,23377,2806,5796,31641,31913,883,1132,883,29363,6576,54.0
51119,4432,4648,4739,52,272,79,1951,8318,1183,1694,10774,10817,280,325,280,10190,1158,6.0
51121,34803,43240,39958,928,1033,355,41655,51553,4605,8847,94884,95808,8930,9962,8930,81622,12735,146.0
51125,6381,6038,6541,118,421,103,2906,10946,1253,2158,14758,14892,588,678,588,13833,3096,2.0
51127,7106,8079,7808,143,309,81,4939,13640,1941,1731,19112,19187,566,796,566,17893,2290,28.0
51131,5237,4695,5496,141,377,84,2055,9090,1169,1538,12100,12254,836,944,836,10547,6455,9.0
51133,5669,5166,5594,156,383,159,1948,9727,1496,1915,12209,12320,353,475,353,11546,909,6.0
51135,5640,6957,6110,148,506,195,3318,11178,1240,2566,15549,15756,387,528,387,14160,2424,12.0
51137,12433,13656,14265,199,720,237,7543,24043,3412,4619,34060,34239,1764,2411,1764,30034,4004,49.0
51139,9526,9751,10135,329,490,220,4814,17124,1831,4060,23700,23905,376,502,376,22061,3637,62.0
51141,7678,7599,7966,99,392,210,3793,13657,1586,3726,18306,18365,311,338,311,17239,3597,32.0
51143,26029,25685,26837,537,1525,825,14419,45476,5218,10927,62435,62955,1395,1657,1395,58098,13561,28.0
51145,9590,12805,10818,279,507,147,6168,20100,2241,2220,27916,28193,861,1193,861,26100,4782,47.0
51147,7604,9855,10142,491,501,202,8476,12951,1466,3179,22876,23140,531,676,531,21333,4113,34.0
51149,10906,16810,13325,331,1049,362,8947,25186,4299,4395,36421,36792,1417,2422,1417,32349,4514,33.0
51153,134737,160788,165183,7656,13615,3771,127774,269324,41081,28460,422017,428772,93283,105330,93283,274485,23925,533.0
51155,15125,14521,14766,465,917,619,6784,25592,3077,5927,34304,34630,361,506,361,32330,7552,133.0
51157,3281,3153,3149,63,89,22,1517,5578,773,918,7397,7446,401,436,401,6683,816,12.0
51163,9226,9364,9680,262,732,262,4025,16625,2304,3833,22108,22367,463,753,463,20591,5063,37.0
51165,29483,30217,32427,884,1637,756,18502,52273,4967,9638,76572,77345,3687,4242,3687,66654,17974,85.0
51167,11037,11616,12135,173,635,296,5523,20525,1365,7278,28149,28444,277,386,277,26573,9093,114.0
51169,9363,9635,9581,120,393,235,4196,16755,1542,5090,22650,22781,208,253,208,21434,6047,276.0
51171,17246,17014,18009,634,669,296,9188,30253,3500,5561,42149,42545,1997,2419,1997,37182,8751,194.0
51173,12852,12800,13729,417,902,487,6368,22852,2251,6400,31393,31876,372,442,372,29626,6026,48.0
51175,6654,8073,7331,197,361,263,4321,13321,1931,2722,18183,18364,172,184,172,17197,2534,11.0
51177,42280,47972,50900,2109,3642,1490,34917,81642,13280,13549,124551,126200,9186,11703,9186,106373,14454,258.0
51179,42763,52560,52083,1920,3352,1358,40583,83859,18087,9820,132876,134672,11785,15958,11785,109212,12774,230.0
51181,2652,2837,2976,89,258,98,1529,4927,599,1071,6804,6885,80,80,80,6462,495,1.0
51183,3261,7334,2992,67,150,72,2508,8979,1027,1355,11820,11923,290,329,290,11035,889,8.0
51185,18306,18256,18908,492,1049,605,8990,31931,2905,11180,43883,44331,324,519,324,41447,14267,485.0
51187,14324,15289,15460,527,868,210,8899,26074,3577,4651,37605,38142,1366,1700,1366,34130,4559,339.0
51191,22842,22595,23454,583,1251,475,11742,39667,4361,9673,54202,54833,774,996,774,51035,12396,91.0
51193,6981,6966,7719,172,764,236,3451,12852,1762,2880,17401,17518,634,671,634,16005,1251,40.0
51195,15517,17673,16318,348,1156,794,9009,28296,2884,9183,40432,40872,635,769,635,37710,7635,283.0
51197,11984,11802,12599,207,533,331,5856,21122,2162,5163,29017,29259,286,334,286,27260,5679,228.0
51199,23970,25768,26886,856,999,391,18990,43351,9552,6026,65107,65808,5026,7033,5026,56137,6100,23.0
51510,65916,59291,64524,2764,1819,557,29831,111478,9813,8739,143720,146422,38973,42216,38973,93506,6945,0.0
51520,7764,6683,7892,140,400,176,3900,12435,1189,3621,17441,17595,284,347,284,16153,3439,10.0
51530,2741,2616,2931,247,140,99,1829,4172,341,1112,6530,6683,52,82,52,6090,1569,3.0
51540,17604,18423,20253,448,456,214,17227,26533,1782,4018,44082,44505,5247,6175,5247,36169,6099,4.0
51550,80388,87704,93867,3256,7031,2580,64216,149636,26145,21177,225082,228168,10805,14692,10805,198520,31098,19.0
51570,7025,6409,7762,134,478,209,4033,12033,1928,2552,17383,17542,983,1478,983,15112,2345,1.0
51580,2468,2482,2322,58,184,100,1242,3992,586,1156,5773,5853,79,93,79,5388,1344,0.0
51590,18520,15625,19249,434,1246,700,10455,29264,3989,8178,42292,42704,1432,1824,1432,37879,6065,0.0
51595,2420,2100,2524,63,179,104,1347,3843,337,1140,5666,5682,128,143,128,5159,313,2.0
51600,8480,9398,9943,281,409,112,6363,16327,1797,1776,23152,23507,5876,6365,5876,14807,924,2.0
51610,4966,4879,5476,86,156,44,3872,8744,758,877,12962,13074,2338,2664,2338,9249,873,0.0
51620,3580,2890,3820,120,123,58,2462,5605,928,1169,8448,8534,305,387,305,7727,1071,6.0
51630,9849,9836,12097,411,414,72,8547,15482,2089,2641,26229,26632,2223,3230,2223,21717,1788,19.0
51640,2968,2675,3095,46,63,39,1470,4996,509,1277,6940,6981,665,694,665,5757,1092,0.0
51650,52700,52889,58782,1588,3359,1517,38504,89527,19726,15164,135288,136904,6751,9943,6751,118957,9987,17.0
51660,15881,20299,23671,519,597,173,24083,23420,1560,3358,50380,50821,7868,9715,7868,37235,10350,2.0
51670,8774,8037,9507,324,577,223,4830,14838,1969,3573,22042,22375,1086,1573,1086,19153,3078,8.0
51678,1727,4088,2486,25,35,0,4519,2389,282,600,7099,7114,222,293,222,6452,630,0.0
51680,28424,29805,34889,1308,1118,443,29066,43722,5241,9370,76442,77626,3956,4711,3956,67685,6570,5.0
51683,12274,15338,15655,640,969,369,11480,25239,2448,3413,39774,40436,10868,11612,10868,22971,2149,0.0
51690,5974,4883,6260,222,503,261,3337,9559,954,2768,13570,13745,486,497,486,12075,1729,0.0
51700,68987,69172,75604,2590,4026,1787,51661,114288,21969,20725,179007,181362,13931,19685,13931,149346,11278,22.0
51710,86397,105299,96148,4203,6172,2663,68689,147486,28221,27527,241052,244745,16703,21275,16703,204805,20953,14.0
51720,1655,1253,2076,31,231,132,983,2663,246,582,3999,4015,91,91,91,3702,724,0.0
51730,12515,12109,14608,368,1075,447,6322,22015,2913,6430,31973,32439,1174,1700,1174,28101,1087,10.0
51735,4627,4879,5038,80,239,16,3303,8363,1237,1281,12005,12103,519,755,519,10973,1623,0.0
51740,36764,36403,40280,1498,2669,1092,25264,63228,11468,13125,94485,96007,2536,3352,2536,84323,10524,68.0
51750,5333,7153,8021,76,218,130,9835,6977,712,2038,16912,16993,675,756,675,15513,1777,2.0
51760,85913,83578,93795,3060,4202,1618,56013,139277,11943,32329,208257,211063,14795,17083,14795,177898,7880,97.0
51770,42549,37587,41999,1587,1931,1110,21267,68034,7562,16151,96440,97949,7177,8036,7177,82313,11721,148.0
51775,9953,9855,11236,182,423,149,7027,16784,2306,3235,24895,25120,1243,1436,1243,22262,4611,1.0
51790,10503,8692,11594,258,472,259,5399,16952,1547,3873,23876,24132,858,977,858,21887,4172,1.0
51800,30798,31973,35271,1112,2761,1263,24773,56441,10721,9231,84322,85477,2787,4177,2787,76237,9475,10.0
51810,165296,174507,184570,6574,10342,3756,119503,294652,61658,41715,439273,445623,39553,50707,39553,366529,60720,21.0
51820,8878,7646,9208,324,417,200,4714,14347,1743,3192,20863,21177,869,1099,869,18417,4210,0.0
51830,4365,5962,7154,59,26,18,6985,7128,1052,1030,14245,14401,1456,1691,1456,12296,729,2.0
51840,10692,10731,11196,482,511,229,6753,17755,1546,3469,26658,27031,3030,3627,3030,20834,3571,27.0
54001,6179,6604,7202,103,326,100,4064,11415,1346,3303,16563,16723,54,94,54,15663,3067,3.0
54003,40614,41763,43546,1312,2316,849,26424,72387,10868,14012,106245,107324,4004,5021,4004,95438,9442,95.0
54005,9602,9677,10049,204,793,485,4941,16946,1731,6989,24042,24257,49,116,49,22661,2812,8.0
54007,5652,6083,6000,153,362,228,2668,10421,1278,2777,14287,14492,45,77,45,13574,1645,21.0
54009,10086,9724,10565,271,540,126,5328,17061,1991,3668,23659,23787,274,399,274,22391,1751,0.0
54011,40220,38737,41886,893,1499,739,25217,65059,7286,18912,95838,96826,2058,2542,2058,88527,11082,199.0
54013,3112,3225,3152,87,117,36,1521,5489,657,1644,7500,7583,40,40,40,7068,996,2.0
54015,3486,3701,3741,147,171,103,2037,6413,596,2047,9139,9226,34,34,34,8577,1313,9.0
54017,2761,3791,3209,66,124,51,1577,5870,727,1068,8254,8282,62,128,62,7804,1203,5.0
54019,17566,18894,18996,569,1309,711,9222,32847,3877,11536,45157,45709,274,368,274,42214,5542,23.0
54021,2645,4713,2974,39,39,8,2318,6126,657,1329,8662,8706,327,383,327,7797,813,0.0
54023,4256,4906,4906,157,276,73,2359,8574,851,2103,11611,11829,13,41,13,10982,1578,35.0
54025,15246,14546,15329,302,730,327,7285,25950,3562,6551,35366,35639,364,591,364,33356,3553,113.0
54027,10628,10064,9619,138,417,245,5078,16973,1492,5385,23553,23674,89,91,89,22427,2078,15.0
54029,12970,12096,13277,398,516,240,6304,22295,2875,5660,30015,30369,391,534,391,28357,2327,41.0
54031,5169,5819,5824,64,171,77,2672,10189,1164,2271,13715,13955,404,556,404,12501,1951,37.0
54033,27755,27306,29463,844,1852,973,14631,49149,5862,13170,68232,69069,695,1024,695,63461,19359,209.0
54035,11242,11579,12184,309,854,567,6284,20426,2913,5355,28898,29229,125,149,125,27213,3325,40.0
54037,20126,21441,22583,561,1476,554,14451,36579,4795,6540,54151,54650,2757,3752,2757,48242,4018,27.0
54039,82531,75725,83308,1753,3664,2111,40054,137254,15692,37479,189932,191765,3155,3938,3155,176973,22468,454.0
54041,6476,6747,6893,152,351,260,3053,11794,1355,3141,16250,16412,122,217,122,15336,2301,82.0
54043,8128,8650,8929,175,649,414,4046,15159,1697,6330,21391,21599,51,80,51,20133,4628,3.0
54045,14444,14726,15270,345,1263,816,6935,26006,2576,10645,35881,36169,140,248,140,33848,3137,154.0
54047,8386,8825,8891,194,798,547,3492,15495,1422,6388,21083,21281,191,194,191,19799,735,11.0
54049,22596,22977,24345,590,1091,570,12982,39175,4921,8347,56127,56698,597,919,597,52464,6265,84.0
54051,13847,13247,14011,199,492,210,7102,23554,3050,5131,32531,32716,248,332,248,30470,4000,115.0
54053,10729,10764,11779,237,947,487,5792,19498,2997,5908,26970,27207,133,294,133,25443,3788,1.0
54055,25590,24298,27210,724,1852,991,13831,43675,5506,15066,61493,62161,798,1027,798,56603,7194,176.0
54057,11148,11260,11824,442,476,220,5989,19451,2263,5349,27629,27912,104,227,104,26139,2778,8.0
54059,10836,10385,10964,191,693,395,5365,18500,1395,7813,26025,26229,193,203,193,24338,2408,7.0
54061,36857,44866,42081,1102,1407,626,36904,59117,5456,10826,99559,100332,4664,5320,4664,90357,8576,73.0
54063,5719,5497,5721,131,216,93,2554,9840,987,3297,13411,13524,41,44,41,12718,1176,15.0
54065,7358,7228,7489,157,173,66,3212,12839,1486,3239,17216,17450,243,304,243,16243,1823,49.0
54067,10686,10430,11292,198,757,340,5239,18655,1833,5672,25842,26090,423,486,423,24488,2628,220.0
54069,18582,17461,19563,388,645,291,10564,30681,3771,6783,43547,43956,658,789,658,40560,2792,118.0
54071,3199,3218,3167,105,98,59,1293,5587,769,1437,7426,7525,17,77,17,7101,652,0.0
54073,2822,3414,2979,72,209,95,1499,5478,626,1387,7514,7600,28,33,28,7155,1088,2.0
54075,3719,3809,3647,69,196,130,1447,6619,825,1990,8600,8710,30,42,30,8233,811,11.0
54077,12610,14611,13722,315,711,438,6074,24687,2821,6289,33405,33720,284,518,284,31317,6038,0.0
54079,21453,22217,23361,778,1179,690,12756,39603,4718,7348,55745,56356,639,798,639,52244,6032,47.0
54081,31164,32366,32628,765,1530,972,16434,56098,7504,16301,78047,78827,1265,1675,1265,71338,20355,451.0
54083,11351,12757,11891,253,454,199,5810,21139,2563,5228,29250,29446,119,258,119,27539,2797,20.0
54085,4023,4190,4295,79,168,79,2077,7378,988,1887,10097,10221,21,26,21,9627,1737,1.0
54087,5902,5956,6147,99,298,93,2910,10537,1150,3300,14569,14749,46,106,46,13764,2475,5.0
54089,5560,5297,6429,119,361,252,2504,10444,1381,3560,13614,13699,72,132,72,12756,1365,2.0
54091,6801,7089,6960,325,411,229,3422,12199,1675,3148,16704,16969,48,115,48,15708,4329,1.0
54093,2969,2959,3033,35,110,62,1223,5213,684,1325,6950,6996,13,46,13,6650,1150,4.0
54095,3750,3747,3846,44,167,53,1785,6578,847,1696,9026,9084,10,12,10,8545,1291,13.0
54097,8937,10081,10158,236,473,229,5740,16513,1966,4090,24154,24487,110,173,110,22807,3552,27.0
54099,16757,16507,17898,487,1142,703,9682,29427,3393,8812,41331,41735,158,306,158,39146,4575,43.0
54101,3854,3693,3805,81,299,175,1538,6554,609,1986,8947,9005,56,79,56,8459,1307,24.0
54103,6734,6585,7023,264,286,176,3113,11724,1536,2603,16054,16314,118,158,118,15297,2216,30.0
54105,2425,2422,2389,88,90,47,1134,4169,515,1270,5731,5810,0,16,0,5484,1304,0.0
54107,35900,34138,37288,945,1833,959,19460,61379,8069,15200,85688,86595,666,994,666,80251,23019,141.0
54109,9201,9381,9700,288,506,417,4693,16426,1576,7709,22975,23203,20,55,20,21714,898,6.0
