GEO.id2,HC01_VC03,HC01_VC35,HC01_VC42,HC01_VC51,HC01_VC61,HC01_VC69,HC01_VC75,HC01_VC84,HC01_VC99,HC01_VC104,HC01_VC117,HC01_VC128,HC01_VC138,HC01_VC144,HC01_VC156,HC01_VC167,HC01_VC183
21001,7193,7505,7657,197,242,217,4470,12337,1337,0,18461,18613,145,254,145,16934,2895
21003,7849,7764,8173,375,511,318,4791,13301,1521,0,19600,19866,294,571,294,17729,3627
21005,8386,8061,8824,284,529,372,5563,14258,1692,0,21057,21308,285,411,285,19293,5111
21007,3358,3292,3433,136,125,87,1903,5807,740,0,8132,8235,101,116,101,7588,1131
21009,16708,16055,17490,551,1072,555,10055,28647,2758,0,41471,41961,715,793,715,37791,9462
21011,4306,4472,4710,188,435,347,2683,7872,583,0,11395,11605,101,110,101,10532,3094
21013,10632,11209,12407,459,883,641,6665,19753,1790,0,28344,28744,79,179,79,26724,14411
21015,41843,43631,45584,1495,1821,820,33262,75248,8584,0,115819,117216,5516,6789,5516,101734,11894
21017,7933,7745,8315,256,415,199,4722,13750,1477,0,19729,19987,922,1059,922,17586,5160
21019,19521,20137,20597,500,1435,791,10710,35101,4535,0,48936,49368,634,873,634,45431,7947
21021,10916,11309,12004,369,312,169,7387,19045,2151,0,27991,28345,810,1036,810,25463,7055
21023,3070,3350,3358,140,263,167,1983,5622,535,0,8306,8486,130,153,130,7682,975
21025,5314,5780,5772,90,248,153,3213,9597,675,0,14015,14062,71,111,71,13023,5400
21027,7519,7940,7999,192,580,316,4547,13656,1657,0,19810,20029,77,152,77,18331,2660
21029,27705,28679,29653,901,2033,951,18868,48993,6443,0,72874,73529,781,1234,781,67723,21675
21031,5081,5096,5194,201,238,197,2712,8751,954,0,12585,12746,199,362,199,11740,4584
21033,5047,5015,5585,235,325,149,2889,9097,1079,0,12735,12962,61,132,61,11909,2822
21035,14967,14741,16743,415,348,116,12470,22331,2547,0,36636,36999,1266,1404,1266,33123,7346
21037,35258,35191,37474,1360,2099,1108,25173,59029,6166,0,88287,89598,1761,2002,1761,81198,8614
21039,2018,1999,2136,37,88,64,1101,3541,414,0,5061,5094,5,9,5,4712,865
21041,4195,4311,4290,127,227,61,2363,7135,815,0,10739,10801,518,529,518,9288,2094
21043,10407,11024,11446,228,379,285,6972,18667,2040,0,27400,27760,75,181,75,25914,5569
21045,6032,6058,6540,145,522,206,3586,10821,1193,0,15733,15939,131,180,131,14258,7368
21047,26117,28056,27189,1815,1351,706,19292,42080,7673,0,71884,73266,2221,4207,2221,61572,12797
21049,14406,13641,14957,510,960,567,8267,24506,2822,0,35002,35446,549,838,549,32174,9862
21051,6731,9622,8476,331,520,335,4825,15106,786,0,21773,22001,209,225,209,20200,7764
21053,3986,4005,4199,105,336,174,2428,6930,747,0,10092,10215,90,90,90,9420,1666
21055,3855,3714,3808,63,378,212,1765,6512,771,0,9281,9331,43,109,43,8001,2145
21057,2668,2751,2902,10,131,62,1419,4784,552,0,6863,6884,5,45,5,6346,1674
21059,37279,36555,39984,1016,2175,1170,24203,64151,7808,0,94895,96062,1748,2129,1748,86891,28178
21061,4770,4932,4991,118,182,81,2669,8347,910,0,12001,12110,147,152,147,11134,2479
21063,2602,3512,2778,81,92,77,1442,5261,467,0,7534,7594,38,38,38,6928,3452
21065,5680,5892,6064,132,296,182,3140,10318,878,0,14528,14711,16,16,16,13584,5869
21067,122075,117150,123202,4168,4580,2512,85650,188392,19148,0,288636,292370,24974,27053,24974,243177,38410
21069,5611,5539,5948,229,298,247,3480,9680,956,0,14217,14376,82,92,82,12846,3278
21071,15562,15622,16715,409,1062,772,8247,27405,2093,0,39155,39701,159,195,159,36862,15288
21073,20936,19341,20916,563,966,545,11704,33592,4337,0,48601,49205,1495,1722,1495,43981,10236
21075,2876,2785,2890,95,122,78,1373,4807,610,0,6777,6836,44,66,44,6175,1348
21077,2988,3297,3371,99,334,113,2187,5464,517,0,8393,8503,392,473,392,7536,1235
21079,6388,6644,7078,175,426,312,3853,11780,1258,0,16710,16902,200,231,200,15612,5212
21081,8755,9293,9661,606,846,542,6546,15697,1728,0,24141,24720,312,530,312,22117,3804
21083,14789,14229,15249,485,712,370,9128,25132,2656,0,36654,37088,1338,1563,1338,32205,6702
21085,9939,10099,10502,238,483,232,6239,17392,1702,0,25470,25677,128,269,128,23776,5601
21087,4422,4532,4706,96,227,113,2452,8028,925,0,11230,11334,124,130,124,10533,3001
21089,14309,14301,15819,374,1364,849,8038,25904,3187,0,36660,36974,407,516,407,34226,5505
21091,3309,3347,3392,134,147,126,2190,5720,859,0,8443,8559,61,101,61,7873,2039
21093,37883,39775,41023,1633,2043,974,27810,66146,13604,0,101424,102873,4345,7651,4345,89345,15591
21095,10642,11497,12412,438,713,475,6588,20167,2351,0,29063,29479,103,208,103,27132,10437
21097,7172,7252,7852,107,280,127,4510,12943,1529,0,18620,18823,251,286,251,17233,3595
21099,6892,7076,7448,361,636,367,4277,12192,1361,0,17887,18228,136,214,136,15965,4364
21101,18652,17538,19419,669,1085,780,10378,31462,3253,0,45481,46095,493,615,493,41854,6516
21103,6023,5951,6321,217,436,270,3769,10492,1006,0,15291,15472,211,249,211,14115,3203
21105,1983,1916,2136,46,67,42,1144,3590,410,0,4849,4905,32,65,32,4615,1090
21107,18518,18249,19560,468,1107,543,10676,32518,3692,0,46411,46921,551,749,551,42633,10248
21109,5569,5314,5616,183,261,211,2908,9275,756,0,13344,13537,17,42,17,12653,6519
21111,301312,281890,311450,10826,15218,7911,185736,498002,56470,0,726086,735804,44220,49516,44220,634506,88757
21113,17797,18139,19647,660,934,432,13291,30645,3236,0,47326,47880,1602,1906,1602,42706,12142
21115,9397,9199,9725,379,706,506,4883,16121,1434,0,23071,23327,106,165,106,21698,8003
21117,62054,61266,64452,2597,3240,1469,41904,105071,11942,0,156501,159008,3805,4571,3805,141294,15130
21119,5878,6653,6915,220,450,320,3938,11269,904,0,16282,16483,105,193,105,15346,5941
21121,12541,12176,13244,404,601,316,7181,21024,2099,0,31375,31820,196,257,196,29332,11448
21123,5035,5737,5777,131,296,136,3383,9635,1162,0,14059,14162,209,306,209,12909,3425
21125,22002,22620,23993,973,1600,1020,13370,39460,4401,0,57710,58590,698,915,698,53573,16860
21127,5800,6277,6565,125,286,213,3406,10828,887,0,15744,15899,76,92,76,14484,5289
21129,2827,3673,2931,115,140,59,1528,5641,444,0,7743,7858,83,88,83,7390,3858
21131,4428,4568,4757,103,395,286,2540,7894,400,0,11278,11388,35,37,35,10652,4000
21133,9300,9717,10260,296,908,658,5152,17060,1199,0,24119,24449,97,163,97,22697,8838
21135,4983,5665,5549,154,207,139,3137,9515,805,0,13841,13946,19,34,19,12665,3056
21137,9793,9601,10044,252,599,340,5841,16553,1726,0,24513,24758,56,168,56,22927,11771
21139,3576,3900,4010,127,185,136,1960,6795,722,0,9474,9503,70,105,70,8857,1467
21141,11044,10347,11080,401,828,564,6005,18232,2064,0,26474,26841,454,609,454,24135,4418
21143,3295,4083,3307,33,33,5,1229,6648,994,0,8332,8347,58,110,58,7789,1612
21145,27182,25239,28031,925,1151,719,15170,45827,5855,0,64683,65451,1252,1645,1252,59582,7806
21147,6333,8046,6734,139,484,382,4137,12330,1263,0,18040,18201,173,230,173,16670,3374
21149,3765,3748,3972,141,171,125,2406,6569,799,0,9495,9604,61,95,61,8938,3738
21151,31130,32333,35164,1380,1433,1022,26626,50496,5890,0,81111,82363,1967,2451,1967,74765,17211
21153,4795,5196,5421,206,298,147,2937,8943,418,0,13005,13286,0,59,0,12409,5141
21155,7206,8205,7582,313,259,145,4797,13281,1329,0,19476,19735,349,393,349,17822,4147
21157,12434,12712,13406,300,457,219,6891,22575,2861,0,31109,31409,318,539,318,29304,5491
21159,4391,5688,5000,77,264,166,2917,8935,650,0,12950,13014,148,272,148,11867,5042
21161,6568,6551,7357,246,495,187,3869,11841,1318,0,17271,17468,188,223,188,15597,2757
21163,10162,11058,11209,323,698,342,7853,18459,3334,0,28648,28944,475,1127,475,26062,5161
21165,2173,2539,2716,80,199,162,1466,4374,451,0,6316,6378,31,51,31,6012,2213
21167,8330,8111,8917,410,367,168,5020,14732,1563,0,20976,21289,188,324,188,19585,6709
21169,4019,4036,4137,142,226,153,2332,6900,528,0,10012,10124,130,156,130,9317,1845
21171,4358,4411,4576,87,206,197,2520,7585,851,0,10945,11009,218,239,218,10162,2891
21173,10189,10069,10785,381,760,460,6035,17780,1833,0,25871,26242,298,354,298,23963,8184
21175,4627,6647,5019,135,380,237,3068,9929,600,0,13877,14012,83,113,83,12906,5041
21177,12117,12950,12906,351,704,494,6861,22060,2179,0,31125,31473,267,373,267,29202,10035
21179,16160,16278,17343,916,875,583,10514,28518,3489,0,42376,43026,637,867,637,38894,9941
21181,2798,2784,2949,181,199,112,1470,4939,394,0,6986,7120,34,45,34,6388,2009
21183,8667,9291,9639,370,576,304,5327,16148,1671,0,23626,23932,253,481,253,21809,9480
21185,19400,24470,21690,615,580,210,17593,39309,4335,0,59059,59639,2402,2775,2402,53238,13824
21187,4713,4300,4372,242,222,122,2371,7430,970,0,10720,10923,146,211,146,10041,2390
21189,1650,2005,1918,32,221,167,973,3502,282,0,4712,4759,3,3,3,4534,2264
21191,5339,5866,5929,233,229,72,3792,9760,995,0,14662,14840,6,73,6,13740,1864
21193,10849,11528,12085,287,822,546,6308,19802,1812,0,28355,28722,151,218,151,26722,8288
21195,26904,25840,27599,900,1847,946,13920,45475,3446,0,64353,65174,588,787,588,60374,11987
21197,4581,5036,5110,207,431,298,2716,8520,823,0,12548,12730,57,65,57,11722,3930
21199,26199,24671,26293,813,1435,1040,14263,43647,4902,0,61987,62654,883,1081,883,57762,22659
21201,776,918,830,91,101,34,656,1321,120,0,2168,2261,6,6,6,2028,333
21203,6474,6816,7006,193,529,385,4052,11750,1282,0,16904,17098,4,21,4,16079,7929
21205,8206,9447,9992,453,409,203,8041,13460,1227,0,22813,23258,299,356,299,21083,8019
21207,7409,6954,7401,142,285,134,3423,12288,1266,0,17325,17521,383,410,383,16263,4124
21209,17628,17308,18410,541,886,645,13099,29600,3061,0,45655,46113,1141,1292,1141,40869,10627
21211,15030,15584,17400,616,834,365,10678,27882,3660,0,41074,41671,2432,2742,2432,35753,9330
21213,6672,6665,7215,278,354,105,4144,11526,1044,0,17078,17269,229,255,229,15771,3040
21215,6224,6682,6684,369,362,241,4159,11374,1265,0,16696,16934,186,248,186,15643,4440
21217,9633,9392,10512,346,481,244,5575,16086,1631,0,24103,24400,410,478,410,21794,5908
21219,4665,4576,4951,229,317,216,3052,7897,926,0,12168,12381,289,334,289,10415,2426
21221,6149,5728,5926,154,210,123,3158,10073,1603,0,14092,14224,125,204,125,13007,2363
21223,3420,3508,3530,48,136,114,2442,5990,656,0,8779,8845,142,253,142,8037,2097
21225,5468,6316,5960,230,455,262,3498,9332,1378,0,14889,15045,204,243,204,13652,3681
21227,42910,43865,46813,1691,1546,839,35064,67975,7702,0,110379,111843,8309,9181,8309,94785,12847
21229,4541,4618,4781,291,203,81,2975,7792,757,0,11437,11671,204,267,204,10588,3119
21231,8526,8391,8532,304,752,460,4627,14431,1364,0,20605,20807,219,257,219,19231,5008
21233,4990,5389,5639,153,400,275,3058,9366,957,0,13568,13697,323,328,323,12236,3658
21235,13197,13730,14972,414,1022,602,9523,23196,2574,0,35534,35951,266,378,266,33126,9769
21237,2543,2855,3003,46,145,71,1754,4920,537,0,7249,7333,27,39,27,6807,3819
21239,9878,9510,10275,276,349,273,6080,16933,2045,0,24426,24683,1535,1745,1535,21306,3966
39001,10905,11119,11514,465,626,333,6531,19160,2163,0,28150,28551,96,133,96,25851,4433
39003,40703,42632,42675,1649,1935,976,28494,69402,8945,0,105111,106468,1919,2465,1919,96605,9994
39005,20125,20823,22140,790,917,318,13971,34903,4275,0,52692,53331,1022,1214,1022,47278,9087
39007,38771,40521,41433,1005,2364,1019,24404,69543,10285,0,100752,101676,1330,2584,1330,90394,10723
39009,22496,27891,28117,643,720,315,29088,33523,3846,0,63996,64562,2513,2863,2513,59053,10655
39011,18297,17955,18532,710,765,403,11374,30796,3797,0,45314,45986,422,567,422,42043,4056
39013,28747,29789,29394,586,1063,533,14880,50661,6562,0,69813,70346,647,812,647,65479,4486
39015,16112,17473,18136,420,1046,500,10857,30110,3714,0,44327,44688,78,200,78,40936,5469
39017,135104,140162,149386,5192,7865,3869,104946,232902,26627,0,361509,366167,18836,21444,18836,317674,48243
39019,11485,11732,11829,508,518,213,6535,20280,2420,0,28527,28913,149,306,149,26476,3280
39021,15278,15691,16149,521,787,379,10021,26687,3497,0,39687,40092,452,669,452,36725,5863
39023,54771,53196,58443,1631,3147,1653,35562,93240,14930,0,137119,138782,3098,3763,3098,125161,19739
39025,73333,75278,79206,2646,3525,1418,50381,130167,14746,0,194065,196731,4758,5647,4758,176322,30175
39027,16190,16206,17518,783,751,446,11004,27623,3848,0,41651,42296,482,702,482,38917,5234
39029,42235,44306,44519,1538,1922,885,24154,76104,10070,0,106692,108198,1146,1545,1146,100003,9971
39031,14375,14431,15164,519,817,397,8431,25028,3730,0,36469,36974,83,246,83,32716,3616
39033,17905,17070,18584,477,613,302,10174,30487,4005,0,43600,43998,375,605,375,40644,5851
39035,537203,488721,558432,15582,24315,11565,333913,878327,94026,0,1271697,1285279,90893,109260,90893,1073496,34522
39037,20700,20487,21537,650,735,420,12578,35666,4036,0,52375,52907,427,596,427,48622,6410
39039,15183,15223,15989,506,712,389,9968,26018,3296,0,38679,39066,729,946,729,34740,2880
39041,62618,62767,66125,2276,1536,516,50342,110571,10184,0,168482,170541,9160,10611,9160,146606,10531
39043,31642,30730,32578,790,1691,788,17846,54179,7784,0,76435,77223,1256,1641,1256,70636,3708
39045,54388,55785,57948,1757,2467,1142,39425,95604,12154,0,143501,145167,3777,4496,3777,130264,13153
39047,11543,11254,11807,545,614,307,6641,19473,2462,0,28426,28955,407,484,407,26188,4100
39049,460497,443322,478257,18775,21500,9024,330094,741711,72141,0,1137170,1153671,104358,114295,104358,950096,61544
39051,16332,16264,17380,536,595,246,11035,28469,3244,0,42227,42702,873,1095,873,38342,2628
39053,12009,11898,12915,337,644,292,7764,20735,2214,0,30660,30954,291,434,291,28353,4300
39055,34447,35887,38058,1068,1256,301,23973,62722,6599,0,92477,93476,2917,3358,2917,77725,3910
39057,62558,63937,68427,1842,2364,1114,51616,102584,18113,0,159318,160940,6821,8876,6821,142693,28457
39059,15913,15607,16646,557,775,515,9352,27299,3545,0,39637,40219,396,495,396,36520,3770
39061,325766,304890,339916,11664,14009,6990,220309,527573,55859,0,790794,801223,38484,42844,38484,698532,53692
39063,30425,28902,31384,1168,870,334,19329,49462,5682,0,73832,74847,2153,2383,2153,66843,6280
39065,11692,12581,13289,604,577,248,9758,19468,2188,0,31528,32127,243,369,243,28922,4344
39067,6298,6338,6579,211,257,172,3396,11249,1483,0,15668,15864,47,78,47,14607,1258
39069,11110,11137,11401,510,335,126,7459,19010,2181,0,27855,28353,450,603,450,25437,2072
39071,16841,16740,17738,550,1119,581,10794,28969,3849,0,43132,43631,204,334,204,39858,6071
39073,11491,11804,11931,394,410,155,7132,20146,2750,0,29082,29400,193,308,193,27142,4447
39075,12261,14977,15083,728,719,243,9411,23578,1682,0,41574,42264,431,653,431,20792,4421
39077,22684,22745,24037,881,1217,590,15146,39290,4850,0,58909,59813,1835,2049,1835,52555,5165
39079,13252,12680,13719,627,688,366,7740,22247,3008,0,32615,33176,202,369,202,29726,4290
39081,28741,27744,30555,644,1279,734,16170,49010,7088,0,69083,69672,668,952,668,64483,3426
39083,22495,23336,25168,743,732,368,16390,38676,4692,0,59886,60623,781,992,781,54099,5952
39085,94347,90531,97457,2151,3189,1184,56629,161183,19636,0,227651,229745,12110,13223,12110,200672,10691
39087,24479,24069,26386,626,2021,1074,14508,42950,5462,0,61942,62592,244,390,244,58021,8773
39089,63314,63366,67817,2330,3217,1409,44212,109632,15047,0,163068,165110,2832,3672,2832,149688,17344
39091,18095,17696,18705,655,654,180,10871,30791,3835,0,45431,45964,557,743,557,41405,5692
39093,115534,117425,123828,3473,5961,2629,79879,202937,25125,0,297462,300491,8530,14227,8530,259679,16746
39095,178777,169618,185388,6340,7860,3850,124981,288009,31572,0,437124,442708,16104,18284,16104,387843,17655
39097,14791,19648,15515,438,757,349,10438,29607,3675,0,42770,43151,746,909,746,39023,7144
39099,98749,94548,103469,2857,4677,2232,58730,167747,20988,0,237701,240131,7632,9792,7632,212052,10904
39101,24851,28714,25697,733,1408,544,14881,45764,5931,0,65814,66503,855,1185,855,60701,9159
39103,64813,65980,69463,2248,2519,802,46204,115724,13320,0,169346,171327,5494,6295,5494,153141,11368
39105,9644,9477,9747,188,476,313,5345,16390,2298,0,23475,23668,49,85,49,22170,3046
39107,15689,15917,16259,708,507,245,10271,26980,3418,0,40294,40918,439,576,439,37170,3910
39109,41364,39943,42174,1045,2001,1001,24888,69903,9431,0,101387,102487,1912,2422,1912,93546,11058
39111,6167,6051,6078,152,214,123,3112,10530,1494,0,14563,14709,55,79,55,13658,1316
39113,223546,205893,229435,6879,9048,4655,151022,361803,48889,0,530938,537409,18952,23321,18952,477060,51700
39115,6252,5990,6188,172,349,232,3498,10434,1406,0,14908,15087,42,152,42,14032,1518
39117,13084,13659,13958,632,1026,466,8396,23330,3001,0,34313,34880,282,403,282,31560,5175
39119,34262,32762,36256,1196,1478,653,21762,57431,7045,0,84847,85997,795,1003,795,78553,9700
39121,4771,7331,5064,79,338,116,2924,10469,1734,0,14538,14658,33,71,33,13633,1277
39123,18009,16903,17586,516,578,317,8945,30080,4087,0,41025,41508,749,862,749,37813,2813
39125,7571,7699,7896,312,425,281,4803,13265,1664,0,19341,19615,198,257,198,17777,1946
39127,13762,14020,14348,568,819,380,9171,23721,2932,0,35568,36024,158,309,158,33155,3595
39129,19284,23916,21086,826,1394,731,13619,37423,4381,0,54794,55509,553,808,553,51399,9940
39131,10816,11143,11526,274,993,371,7173,19008,2325,0,28428,28685,134,248,134,26238,3984
39133,61746,64582,68739,1827,2369,1340,48900,101756,12518,0,158912,160713,4262,5003,4262,146623,8995
39135,16321,16610,17343,456,940,303,10287,28827,3712,0,42020,42394,445,530,445,38948,5551
39137,12936,13383,13625,486,431,201,8943,22541,2092,0,34130,34546,428,460,428,30801,2644
39139,48593,51529,50569,1763,2101,1246,29992,86404,11966,0,123681,125241,2166,2613,2166,113472,10210
39141,28158,33633,29712,1077,1588,806,18746,54186,7697,0,76854,77868,636,1138,636,70893,10080
39143,24031,23832,25042,828,893,428,15046,41551,5375,0,60374,61088,1851,2086,1851,53754,4707
39145,29788,31583,32774,1013,2625,1665,19174,53420,6545,0,78285,79189,766,886,766,72868,10080
39147,22026,22616,23167,563,922,441,15444,37460,4925,0,56329,56901,737,890,737,51652,4947
39149,18507,18861,19421,514,797,371,13675,32081,3540,0,48899,49389,964,1176,964,44715,4981
39151,150072,145775,159649,4688,6422,2984,96881,256545,33024,0,371781,376142,7192,8506,7192,341639,30114
39153,221498,210167,230241,6548,8822,4139,142107,368611,43792,0,536655,542169,22566,25886,22566,481525,25747
39155,86746,83172,89891,2149,4085,1759,48151,147400,19652,0,209442,211403,3426,4192,3426,189524,36619
39157,36262,36169,38383,1105,1333,514,21360,63390,8393,0,91516,92561,1101,1412,1101,82443,7450
39159,17795,18584,21233,800,660,265,13784,33817,3296,0,50972,51539,1485,1801,1485,45918,7096
39161,11381,11085,11947,273,360,138,7144,19490,2192,0,28653,28880,306,433,306,26262,3135
39163,5305,5423,5358,254,378,177,3271,9062,1053,0,13283,13457,31,60,31,12445,2238
39165,75283,81159,80984,2978,2905,1354,58712,138515,15633,0,208136,210662,10442,11864,10442,182671,26236
39167,25184,24636,26631,715,1041,520,14894,43273,5656,0,61317,61946,683,900,683,57578,7341
39169,42485,44084,46255,1488,1799,721,28656,73879,8373,0,113115,114508,1631,2032,1631,95240,16314
39171,15139,15173,15409,547,853,390,8932,25998,3260,0,37515,37985,492,666,492,34719,2823
39173,48680,49932,53458,1335,1882,1044,42574,77050,9155,0,124438,125566,4119,4716,4119,113170,7270
39175,9179,8812,9310,397,330,160,5646,15482,1856,0,22342,22661,261,344,261,20537,2830
42001,38431,40564,42216,1236,2171,1023,25354,68585,9412,0,100060,101137,4064,4965,4064,89534,10599
42003,523175,484226,541358,14037,16190,7093,301796,858231,100196,0,1211108,1223525,57175,64841,57175,1080647,41620
42005,28807,28265,29378,783,1033,400,14016,49932,6768,0,68464,69208,480,678,480,64328,3758
42007,70198,67961,74736,1971,2637,1148,37346,122384,16846,0,169465,171027,3008,4012,3008,155482,6493
42009,20001,20281,20762,601,633,360,10185,35531,4650,0,49334,49864,402,601,402,45942,5269
42011,153780,160016,169628,5276,7877,3006,106675,270938,31100,0,405096,409624,25753,41154,25753,321020,18405
42013,51771,50280,54650,1340,1916,967,27643,88455,13049,0,125792,127090,1416,1864,1416,116282,7606
42015,24630,24779,26084,786,1281,494,13627,43540,6294,0,61796,62522,878,1115,878,57120,4822
42017,229955,246309,261137,6615,11406,2929,157572,432217,43712,0,618251,624351,50578,56704,50578,527383,27716
42019,72458,72947,76574,2126,1844,825,47411,125212,16041,0,181345,183317,3622,4495,3622,167420,8697
42021,58428,59554,61838,1348,1969,977,32539,102315,15046,0,143281,144489,1955,2448,1955,132522,6354
42023,2133,2154,2200,36,64,41,940,3798,566,0,5073,5130,64,89,64,4830,598
42025,26136,26276,27537,736,1398,458,13742,46667,6684,0,64254,64974,1868,2409,1868,58421,4303
42027,56134,68842,63922,1570,1137,503,61436,83268,9828,0,151323,152689,10566,11992,10566,131909,8968
42029,182732,191768,202681,6583,6611,1405,136561,328054,32862,0,489898,495651,42044,47335,42044,410579,22213
42031,15827,16188,17556,482,393,169,10335,25892,3502,0,39706,40178,436,555,436,36942,2422
42033,32715,34755,33485,1015,933,420,16801,58367,8197,0,81079,81954,988,1493,988,75135,13630
42035,15282,15726,16665,331,650,361,11008,25171,3671,0,38631,39015,497,646,497,34914,2469
42037,25906,26789,30103,823,1040,563,19460,43605,5800,0,66234,67020,1447,1880,1447,61735,3378
42039,35368,34919,37785,1036,1106,516,21293,60324,8368,0,88188,89058,1086,1517,1086,79112,5035
42041,94412,94376,99665,2375,2376,1035,59174,159697,21910,0,231511,233726,12094,14852,12094,203546,15329
42043,108047,103123,113125,4157,5329,2258,64755,182035,22583,0,263224,266576,15544,21173,15544,223900,11760
42045,206596,213542,238711,7395,10498,3426,157624,368798,37767,0,550808,557648,48716,53694,48716,466602,12984
42047,13557,13268,13546,290,637,268,6789,23454,3081,0,31825,32233,319,395,319,30030,1890
42049,108303,110559,117223,3553,5083,2110,74353,183515,23132,0,276368,279824,10820,13346,10820,246408,12124
42051,54717,56034,59022,1290,3008,1445,28328,99087,12563,0,136673,137803,1535,2036,1535,127281,6898
42053,1990,4678,2251,47,102,43,1190,5648,906,0,7555,7600,76,199,76,6958,261
42055,58032,57628,61338,2097,1836,757,32950,100889,13783,0,146343,148239,5331,6557,5331,128710,15515
42057,5929,5999,5997,169,233,106,3198,10333,1272,0,14694,14858,133,187,133,13738,1808
42059,14102,17012,15692,410,735,273,8049,27379,3630,0,38577,38895,242,541,242,35636,2483
42061,16791,20700,17713,475,797,350,9716,32103,4198,0,45464,45898,501,717,501,41894,2969
42063,34558,37091,38223,1021,1277,512,24925,55910,7444,0,88086,88997,1563,1980,1563,80356,4032
42065,18389,18227,18944,428,739,294,9251,31735,3993,0,44691,45173,246,436,246,41235,3665
42067,9103,9708,9871,261,288,144,5259,16730,1617,0,24207,24439,388,598,388,21617,2338
42069,86491,84394,93850,2067,3422,1196,51519,149008,19349,0,212052,214057,9387,12238,9387,186670,6066
42071,192681,197688,211898,7468,7063,2618,126925,337003,35969,0,508744,515817,23274,37045,23274,406193,40044
42073,36613,35835,39624,955,1589,740,20695,64224,8091,0,90451,91341,1397,1672,1397,82707,3983
42075,51899,51688,55472,1721,1753,571,30301,90834,11524,0,130854,132550,4065,8252,4065,112725,8921
42077,133159,133789,146238,4712,7750,2684,87258,234473,25778,0,343339,347197,32672,48449,32672,257579,11364
42079,131052,129547,138089,3522,5741,2336,73172,225771,30254,0,316748,319897,14046,17227,14046,280644,10515
42081,46604,46818,49600,1438,2197,1134,27977,79310,10944,0,115252,116335,1811,2318,1811,106466,8255
42083,17180,18413,17760,742,713,306,10139,30363,4398,0,42992,43642,410,714,410,40111,2702
42085,46418,47017,49699,1194,1542,758,27712,80325,10959,0,115867,116939,1975,2525,1975,105708,5980
42087,18987,18092,19556,488,796,338,9201,32336,4248,0,46248,46671,278,484,278,39662,5079
42089,59941,67095,69719,2102,4089,1454,48185,110939,14463,0,167292,169050,16597,19718,16597,137071,5600
42091,307598,309168,336246,9447,12297,3248,206423,550425,54507,0,785970,794921,75569,83175,75569,657282,29264
42093,7200,7019,8047,275,229,80,3980,12937,1634,0,17955,18193,674,910,674,15953,1139
42095,112111,117897,125563,3629,5690,1904,76831,201962,23960,0,293140,296323,19491,27188,19491,245477,15199
42097,39293,39230,39520,1058,1198,467,18842,67607,9788,0,93343,94321,949,1657,949,85489,6616
42099,18098,18621,18604,605,817,370,9624,31619,4297,0,45267,45785,412,723,412,41408,4064
42101,578125,568910,661993,22260,41982,16700,424284,973241,81568,0,1495396,1514456,176373,229263,176373,1117324,25207
42103,22207,22959,23577,494,1382,449,14205,39668,5322,0,56782,57242,3842,4701,3842,48902,1446
42105,7196,7105,7224,228,347,171,3686,12289,1986,0,17271,17487,162,233,162,16104,1533
42107,60029,62661,61254,1741,2306,841,29983,107516,15225,0,146632,148195,2649,3447,2649,133813,6018
42109,14320,15811,16477,742,629,300,10062,25590,2982,0,38986,39597,672,892,672,34483,3267
42111,30168,33670,31901,754,1073,479,15208,56826,7363,0,77279,77946,614,1011,614,71413,5305
42113,2438,2953,2739,46,151,27,1037,4842,805,0,6400,6469,86,123,86,6077,365
42115,17273,17915,17952,359,806,343,9269,30857,4377,0,42958,43311,626,832,626,40153,1831
42117,17187,17029,17781,570,831,443,10160,28521,4402,0,41358,41850,486,606,486,38777,4401
42119,15310,21342,16824,435,334,117,11889,30398,3581,0,44441,44872,1885,2450,1885,38111,3207
42121,22482,22087,23394,564,813,397,11629,39023,5494,0,54635,55106,430,724,430,51051,3677
42123,17602,17149,17630,523,756,421,8460,30088,4570,0,41277,41771,519,745,519,38468,2264
42125,83806,82907,89562,2216,3406,1461,48335,146148,19180,0,205533,207451,2959,3712,2959,190883,7396
42127,19305,23278,21048,423,1258,355,10759,38604,5618,0,52082,52477,1852,2477,1852,47115,3650
42129,152819,147719,158829,3305,4265,1645,80367,264490,35737,0,362369,365438,5669,7376,5669,336375,15499
42131,11013,11599,11730,338,446,176,6563,19600,2529,0,28030,28333,359,500,359,26049,1665
42133,167568,170101,178374,5078,7761,3021,103352,294500,36566,0,427189,431967,15401,23069,15401,378604,34831
51001,13757,13296,14404,263,907,381,6631,23928,3408,0,33412,33701,2244,2485,2244,28861,7943
51003,37398,38069,42313,1072,1239,474,29835,64340,7023,0,97017,97978,8913,10407,8913,82324,12704
51005,6935,6490,6999,164,371,216,3597,11761,1452,0,16171,16326,290,354,290,15199,4299
51007,5001,4954,5326,75,306,93,2499,8840,1257,0,12481,12631,424,515,424,11193,2443
51009,12693,12454,14398,368,658,298,7680,22230,3032,0,32072,32339,557,815,557,29876,6037
51011,5857,5841,6261,184,540,283,3379,10466,1480,0,14666,14820,148,201,148,14010,4391
51013,92436,87184,88310,2856,1696,379,42733,151149,13072,0,200604,202999,47450,52177,47450,135692,6180
51015,28021,30990,29748,692,1795,839,15714,52270,6603,0,72715,73526,1564,1983,1564,67573,19560
51017,1926,1935,2050,40,140,69,804,3496,350,0,4726,4747,135,135,135,4327,1224
51019,26979,27420,28357,612,1220,485,16073,48415,6841,0,67864,68275,1291,1670,1291,62632,14428
51021,2663,3117,2862,43,136,9,1306,5277,737,0,6831,6871,191,228,191,6648,1073
51023,12789,13211,13852,245,545,247,7562,23517,3366,0,32750,32956,716,952,716,30582,10997
51025,6126,7838,6957,228,770,252,3949,12312,1144,0,17359,17553,201,251,201,16301,1137
51027,9135,10453,10139,285,463,237,4643,17832,1531,0,23891,24173,332,369,332,22515,7612
51029,5699,8723,6113,270,434,313,2362,12960,1448,0,16841,17021,186,273,186,15675,3186
51031,21610,21503,23346,628,1581,667,13442,37280,4547,0,53850,54485,979,1327,979,50466,13179
51033,10476,11089,11460,417,841,316,6109,19169,2738,0,27843,28234,572,1053,572,25023,2737
51035,12556,12485,12757,387,706,492,6196,22132,2626,0,29615,30002,667,896,667,27562,6993
51036,2747,3004,3137,31,153,45,1463,5323,741,0,7187,7223,40,82,40,6853,534
51037,4534,4959,5295,172,361,156,2969,8713,1339,0,12487,12601,259,274,259,11752,2926
51041,112895,117112,129421,3901,6256,2277,89360,204356,26642,0,309511,313001,24972,29637,24972,262530,29211
51043,5564,5666,5829,100,329,126,3166,10054,1494,0,14004,14081,549,723,549,12313,2063
51045,1976,1972,2225,17,245,130,1055,3654,551,0,5131,5158,15,45,15,4740,433
51047,15750,18583,17911,581,1137,420,11253,30934,4000,0,45867,46427,3617,4251,3617,39212,4909
51049,3976,4006,4031,75,231,179,2208,6733,955,0,9791,9928,134,228,134,8793,2167
51051,6183,6561,6605,194,421,264,3106,11428,1171,0,15780,15923,116,116,116,14807,4154
51053,9598,11011,11607,142,861,307,6225,18739,2382,0,27559,27714,478,701,478,25489,3893
51057,4420,4380,4757,52,236,62,2236,7549,1002,0,10959,11029,244,303,244,10144,1187
51059,385570,416544,434253,15596,19113,5227,292083,722829,84511,0,1050661,1064735,309124,336694,309124,631071,42012
51061,22888,25203,26223,684,1843,751,17802,43750,6704,0,64396,65008,3750,4693,3750,55801,6848
51063,6148,6103,6323,133,298,129,3083,10868,1488,0,15046,15156,247,372,247,13794,2773
51065,9315,9351,11375,337,520,214,5469,18231,2286,0,25357,25599,735,1042,735,22946,3657
51067,23581,22625,23506,824,1101,558,12172,39483,4877,0,54973,55621,1567,1832,1567,50922,10507
51069,28655,30257,30936,1133,1515,435,19723,51701,7130,0,76231,77277,3863,4969,3863,66412,10634
51071,7054,6890,7282,224,474,241,3913,12225,1617,0,17000,17197,169,228,169,15903,3982
51073,13892,14769,15403,348,1055,304,8757,25721,4683,0,36383,36741,669,1338,669,33971,3557
51075,7822,9114,8936,436,187,45,4236,16187,2155,0,21364,21481,529,693,529,19491,2486
51077,6760,6395,6904,71,336,201,2790,11673,1327,0,15586,15702,131,213,131,14510,3911
51079,6802,7052,7338,99,597,239,3856,12361,1526,0,18160,18291,735,898,735,15996,4665
51081,3264,6857,3684,130,231,133,1915,8999,1009,0,12112,12194,258,338,258,11059,1025
51083,14533,13925,15695,378,863,322,8256,25413,2957,0,35825,36248,451,575,451,33505,8239
51085,36489,38473,40954,1003,1621,690,27218,66471,8757,0,98879,99638,3344,4016,3344,90052,13063
51087,122919,111668,131138,4343,5177,1768,79352,205073,22813,0,300229,303845,32800,35204,32789,245353,22342
51089,22871,21479,23810,650,1293,547,11502,39275,4696,0,53940,54524,1746,1888,1746,48800,9820
51091,1110,1066,1025,16,25,17,306,1970,318,0,2338,2354,13,32,13,2303,407
51093,13528,13780,14818,391,761,323,8828,24634,4444,0,34675,35092,753,1139,753,32047,5413
51095,26356,25985,28244,834,1107,458,15531,46942,8721,0,65108,65818,4880,6122,4880,57056,5069
51097,2891,2855,2973,35,46,33,1148,4947,652,0,6924,6946,123,145,123,6327,1730
51099,8200,8935,9041,439,554,128,6035,15053,3049,0,22917,23321,517,897,517,20748,2058
51101,5985,5985,6422,225,570,394,3790,10600,1347,0,15564,15728,256,332,256,14381,2519
51103,5570,4648,5300,40,169,50,1655,9031,1413,0,11368,11424,274,348,274,10543,993
51105,10001,11119,10119,167,759,579,5140,18266,1783,0,25224,25405,326,407,326,23330,3981
51107,99761,109701,114257,5639,5626,1109,92065,192821,19688,0,298034,303329,67202,74382,67202,196722,14686
51109,13213,13157,13568,420,1091,519,6712,23227,3279,0,32299,32739,751,991,751,29860,5638
51111,4471,5869,5023,97,245,38,2721,9250,1381,0,12887,12928,363,499,363,11740,1765
51113,5185,5243,5591,121,225,25,2856,9435,1336,0,13183,13317,529,578,529,12205,1414
51115,3788,3686,4038,75,115,43,1582,6742,1136,0,8865,9000,173,231,173,8529,1109
51117,12547,13498,13998,456,813,363,6599,23929,2906,0,32383,32778,950,1130,950,30127,5003
51119,4339,4650,4773,59,356,162,1886,8400,1361,0,10814,10855,224,289,224,10314,839
51121,34591,42222,38838,916,1027,449,41868,48530,5110,0,92601,93379,7692,8699,7692,79934,11251
51125,6539,6176,6474,68,382,131,2937,11169,1468,0,14970,15049,349,435,349,13998,3397
51127,6552,7531,7268,88,460,171,4202,12858,1798,0,17989,18086,270,452,270,16703,1727
51131,5195,4856,5561,108,340,121,2003,9101,1124,0,12351,12493,723,811,723,10948,3059
51133,5569,5171,5556,127,547,281,1874,9681,1577,0,12270,12431,282,348,282,11610,1188
51135,5571,6889,6207,162,343,141,3611,10994,1323,0,15691,15845,435,581,435,14117,2080
51137,12614,13105,13882,400,562,245,7211,23378,4002,0,32878,33235,1472,1809,1472,29161,3151
51139,9538,9733,10086,202,471,156,4857,17074,2173,0,23892,24101,391,463,391,22077,4330
51141,7191,7721,7927,65,382,253,3877,13772,1476,0,18533,18573,200,292,200,17385,3498
51143,26325,25368,26839,635,1744,852,14197,45133,5404,0,62678,63194,1264,1425,1264,57927,13191
51145,9468,13147,10099,272,435,190,6015,20012,2658,0,27686,27907,735,950,735,25526,5422
51147,7334,9854,10003,197,484,166,8906,12735,1441,0,22853,23050,371,488,371,20903,3098
51149,10725,16028,12821,204,778,363,8784,23826,3974,0,35232,35520,1237,2350,1237,31419,3498
51153,127170,146069,150030,6928,11014,3752,115676,244228,38087,0,385014,391439,83303,93443,83303,251524,19742
51155,14884,14412,14893,406,841,589,6924,25524,3721,0,34549,34900,479,597,479,32377,7053
51157,3310,2992,3193,131,115,58,1547,5446,865,0,7343,7422,218,317,218,6807,743
51159,2909,4563,3422,156,343,9,1588,6946,616,0,9195,9310,416,475,416,8561,1028
51161,37975,35528,40174,1080,1052,515,21964,65173,9096,0,91107,92023,4467,5238,4467,81340,13705
51163,9291,9133,9508,239,684,266,4789,16169,2654,0,22157,22304,447,540,447,20382,6421
51165,29711,29587,31214,1110,1819,1027,17954,50932,5268,0,74673,75633,3506,4170,3506,65722,23585
51167,11302,11822,12262,189,964,618,5945,20790,1462,0,28637,28870,261,292,261,27193,5049
51169,9701,9609,9882,156,530,465,4287,17018,1635,0,23055,23210,196,297,196,21739,3458
51171,17152,16688,17527,400,1024,467,8493,29508,4020,0,41412,41807,1796,2179,1796,36745,9156
51173,12681,12906,13832,278,627,256,6717,22988,2734,0,31966,32268,365,527,365,29681,6667
51175,6618,8153,7325,205,602,286,4007,13192,2075,0,18412,18573,217,257,217,17262,3454
51177,41282,45448,48276,1820,3593,1681,35095,77318,13142,0,120157,121508,7420,10070,7420,102705,15163
51179,40691,48759,48449,1976,2989,1237,38853,77970,16540,0,125336,127041,10288,13815,10288,102831,17238
51181,2547,2835,2992,77,271,84,1697,4847,747,0,6935,7026,214,266,214,6339,852
51183,3600,6193,4269,109,269,77,2565,8791,1192,0,11941,12147,160,178,160,11332,1400
51185,18019,18256,19061,472,940,585,9558,32391,3617,0,44398,44807,555,717,555,41722,7031
51187,14203,14781,15127,578,1021,337,9137,25222,3795,0,36851,37323,1376,1850,1376,33010,4150
51191,23064,22324,23459,679,1356,649,11564,39428,4733,0,53965,54628,538,672,538,50911,10255
51193,7077,7024,7676,267,672,224,3457,12598,1941,0,17193,17386,687,756,687,15613,1192
51195,15477,17875,16635,357,1149,627,9003,28716,3220,0,41067,41505,710,786,710,38327,4521
51197,11610,11675,12464,252,565,392,6297,20833,2438,0,28867,29116,128,254,128,27211,6050
51199,24259,25167,26507,1029,656,315,19312,42660,10270,0,64434,65289,4523,6509,4523,56245,6182
51510,64217,55696,60901,2299,1213,458,27796,103650,11482,0,134746,136968,33585,36757,33585,89564,4339
51515,2776,2298,2724,45,203,138,1500,4335,630,0,6144,6184,181,275,181,5795,1154
51520,7873,6649,7969,251,551,398,4030,12485,1756,0,17493,17718,216,269,216,16243,3492
51530,2681,2538,2931,32,127,80,1942,4202,583,0,6618,6647,18,58,18,6189,1904
51540,17387,17675,19733,420,488,238,17803,23982,1918,0,42365,42758,5232,5915,5232,34411,4596
51550,78898,83588,90578,3279,6096,2039,62976,142953,26949,0,217837,220837,10265,14105,10265,191979,31442
51570,7136,6451,7892,62,356,172,3878,11995,2142,0,17406,17439,828,1129,828,15568,2072
51580,2546,2382,2555,74,80,18,1337,4058,769,0,5898,5982,87,117,87,5493,1255
51590,18938,15920,19827,529,1443,755,10949,29884,4562,0,42871,43433,1407,1601,1407,38727,4092
51595,2525,2032,2671,127,135,70,1211,4000,397,0,5778,5850,170,234,170,5035,469
51600,8470,9060,9584,302,546,96,5778,15425,1874,0,21961,22277,5398,6023,5398,14549,551
51610,4807,4433,5063,155,61,15,3384,8002,717,0,11702,11840,2389,2799,2389,8329,603
51620,3472,2977,3869,149,106,50,2113,5708,852,0,8408,8570,242,349,242,7783,1488
51630,9341,8967,10950,333,352,156,7864,13793,1856,0,23768,24015,2015,2854,2015,19618,2632
51640,3525,2699,3255,58,84,0,1263,5348,806,0,6913,6959,347,369,347,6106,1194
51650,52667,52923,59109,1503,3696,1635,39688,88773,20726,0,136663,138148,7299,10254,7299,120233,10551
51660,15179,19423,22831,648,427,288,23305,20866,1770,0,47600,48230,6816,8455,6816,36442,14549
51670,8859,7992,9878,289,682,260,4830,14818,2065,0,22131,22562,1009,1322,1009,19622,2345
51678,1727,4028,2332,17,86,19,4266,2559,313,0,6998,6998,369,501,369,6186,737
51680,28513,28693,33911,1069,1246,519,26365,43227,5703,0,73757,74849,3356,3893,3356,65931,6767
51683,11872,13869,14173,594,542,221,10386,22615,2695,0,36271,36811,9002,9682,9002,22077,2456
51685,4238,5060,5145,205,348,73,3875,8370,790,0,13547,13759,4265,4554,4265,6577,678
51690,5958,4943,6442,119,557,197,3241,9869,1302,0,13769,13882,424,526,424,12157,1305
51700,69977,68342,75532,3318,3839,2085,52667,112195,23127,0,178033,181009,12595,18040,12595,151021,9387
51710,85076,102515,95543,3937,5484,2495,66559,142878,27673,0,238384,241943,16462,20356,16462,203658,24685
51720,1750,1409,1787,0,101,53,998,2620,240,0,3934,3934,16,16,16,3749,438
51730,12179,12153,14566,308,1029,366,6649,21676,2828,0,31885,32337,1096,1395,1096,28887,869
51735,4525,4767,5010,126,314,55,3305,8283,1359,0,11984,12097,584,887,584,10740,1150
51740,36899,36480,40411,1785,3215,1374,25003,62530,10438,0,94504,96066,2818,3726,2818,84996,9376
51750,5644,6832,7882,143,81,26,9045,6489,894,0,16204,16374,1089,1243,1089,14588,1568
51760,83615,79769,90238,2861,3517,1187,56263,128776,13063,0,200405,203165,14433,16443,14433,171733,7989
51770,42892,36807,41785,1282,2105,1213,22084,66771,8058,0,95220,96264,6144,6774,6144,82554,10429
51775,9944,9703,11126,294,398,153,6921,16378,2247,0,24518,24733,1309,1427,1309,21828,3980
51790,10517,8837,11220,136,469,211,5370,16799,2121,0,23704,23835,710,832,710,21601,4900
51800,30305,30941,34303,1209,2467,1035,23101,54887,10539,0,82389,83465,2282,3809,2282,74401,12289
51810,164041,169459,180439,6337,9832,3920,120450,283791,61659,0,431129,436979,38091,49453,38091,361189,53241
51820,8750,7959,8888,245,301,176,4671,14427,1946,0,20713,21006,770,1049,770,18655,3706
51830,4206,5668,6931,61,38,8,7149,6250,875,0,13686,13741,1421,1727,1421,11916,618
51840,10147,10229,11076,274,600,206,6204,17015,1668,0,25757,26117,2917,3243,2917,20618,2570
54001,6210,6586,6863,113,310,89,3870,11272,1224,0,16240,16373,43,57,43,15329,2935
54003,39303,39901,41244,1287,2164,969,25324,68870,10527,0,101732,102801,3506,4200,3506,91507,11050
54005,9755,9874,10219,224,698,440,4868,17321,1903,0,24458,24746,39,78,39,23074,2930
54007,6087,6182,5931,107,402,243,2681,10403,1480,0,14423,14541,44,57,44,13661,1138
54009,9756,9838,10589,247,347,75,5375,17193,2378,0,23935,24081,254,545,254,22416,1676
54011,40397,38590,41723,984,1407,743,25022,64763,8413,0,94963,95870,1786,2171,1786,88214,9915
54013,3146,3209,3179,82,172,61,1526,5542,599,0,7541,7616,2,18,2,7174,783
54015,3512,3796,3825,132,207,94,2199,6561,674,0,9388,9508,1,1,1,8835,1067
54017,2823,3625,3155,76,96,55,1658,5727,847,0,8040,8097,53,67,53,7643,1019
54019,17801,18873,19127,505,970,481,9931,32827,4095,0,45448,46031,280,469,280,42823,4184
54021,2420,4516,2933,50,116,18,2389,5979,727,0,8435,8522,304,405,304,7543,858
54023,4915,4861,4986,188,119,23,2502,8568,985,0,11844,11955,38,98,38,11228,1464
54025,15412,14275,15364,347,735,397,7391,25632,3909,0,35226,35498,151,260,151,33168,3377
54027,10331,9816,9578,100,225,158,5283,16716,1424,0,23611,23750,174,207,174,22181,1922
54029,13149,12209,13402,414,700,420,6215,22557,3206,0,30405,30732,353,488,353,28413,2204
54031,4829,5686,5653,113,169,71,2834,9534,1026,0,13771,13893,243,346,243,12585,1234
54033,27696,27013,29385,930,1819,1074,14795,48536,6652,0,67770,68745,529,869,529,63548,13546
54035,11483,11579,12193,208,524,386,6796,20407,2703,0,28964,29161,93,119,93,27139,4367
54037,19415,20761,21645,569,1253,630,14335,35104,4988,0,52247,52874,1795,2506,1795,46703,3912
54039,82337,75585,84123,1870,3702,2057,41544,137838,16973,0,190791,192644,2956,3664,2956,177710,24186
54041,6587,6698,7004,133,285,172,2990,11855,1457,0,16251,16400,128,150,128,15331,2214
54043,8711,8711,9022,256,806,484,4096,15236,1548,0,21455,21777,57,98,57,20308,6415
54045,14660,14978,15487,273,942,699,7209,26330,3150,0,36285,36564,135,181,135,34227,2683
54047,8292,9031,9589,158,782,507,3869,15986,1545,0,22118,22262,40,65,40,20829,1545
54049,22794,22778,24445,659,1135,539,12966,39222,4941,0,55734,56416,682,963,682,52107,5177
54051,13915,13373,14222,314,548,261,7501,23800,3455,0,32863,33163,209,270,209,30902,3248
54053,10715,10642,11707,258,579,226,5828,19356,2598,0,26927,27152,131,274,131,25314,2675
54055,25611,24254,27292,809,2142,1002,13635,43853,5870,0,61339,62077,694,831,694,57058,6954
54057,11276,11297,11850,246,484,143,6330,19389,2721,0,27722,27970,82,102,82,26001,2351
54059,10776,10619,11346,212,956,627,5553,18767,1726,0,26553,26859,72,89,72,24923,2564
54061,35266,42197,39819,1000,1103,556,35503,53772,5711,0,93611,94489,4119,4689,4119,85298,7517
54063,5615,5483,5709,151,223,60,2599,9766,1093,0,13415,13526,54,105,54,12424,1332
54065,7171,7108,7357,173,138,78,3596,12746,1364,0,17262,17513,103,195,103,16288,1972
54067,10149,10549,11164,275,576,198,5287,18738,2198,0,25879,26208,90,154,90,24481,2982
54069,18624,17443,20018,430,750,340,11222,30890,3819,0,44009,44452,556,684,556,41037,2339
54071,3305,3282,3225,99,188,75,1215,5696,826,0,7647,7725,48,88,48,7155,519
54073,2630,3363,2955,94,285,108,1769,5463,846,0,7528,7653,11,27,11,7182,932
54075,3819,3795,3701,124,165,121,1460,6646,825,0,8687,8780,146,170,146,8221,945
54077,12908,14301,13546,399,772,478,6097,24159,3222,0,32862,33281,390,510,390,30759,3575
54079,20999,21598,22816,751,1246,697,11957,38528,5155,0,54570,55305,719,853,719,50976,6976
54081,31211,32353,32774,889,1717,899,16429,55785,7974,0,77891,78701,1371,1619,1371,70865,33139
54083,11276,12623,11965,269,467,234,5936,21103,3057,0,29051,29316,227,345,227,27306,2680
54085,4127,4312,4362,119,156,94,2185,7529,1080,0,10337,10457,15,34,15,9789,1585
54087,5970,6038,6266,181,292,162,2953,10707,1487,0,14783,15004,48,109,48,13982,2048
54089,5108,5207,6470,163,230,168,2719,10299,1367,0,13754,13847,64,137,64,12803,1214
54091,6592,6936,6960,346,284,134,3583,12076,1589,0,16529,16817,114,166,114,15659,1719
54093,3215,2963,3072,97,138,106,1300,5235,700,0,7061,7119,23,41,23,6761,477
54095,3752,3816,3888,72,260,65,1745,6666,1071,0,9172,9270,38,56,38,8682,1275
54097,9139,9893,10185,260,427,167,6083,16352,2013,0,23836,24096,137,206,137,22382,3442
54099,16833,16786,18078,441,1207,601,10248,29708,3954,0,42137,42533,166,232,166,39760,4259
54101,4020,3762,3863,97,339,214,1553,6588,792,0,9120,9202,50,67,50,8617,1762
54103,6957,6629,7129,215,396,237,3469,11873,1623,0,16377,16581,142,185,142,15516,2047
54105,2325,2388,2371,56,262,82,1249,4139,705,0,5716,5749,27,39,27,5437,1618
54107,35990,33901,37471,998,1815,986,19951,61286,8450,0,85901,86852,715,1049,715,80239,19854
54109,8965,9718,9874,209,617,448,4808,16844,1707,0,23606,23818,46,59,46,22239,2005
